2025-05-01 23:33:05,225 - root - INFO - Telegram-X integration bot logger initialized
2025-05-01 23:33:05,435 - root - INFO - Telegram-X integration bot logger initialized
2025-05-01 23:33:05,437 - root - INFO - Initializing Telegram-X integration bot...
2025-05-01 23:33:05,438 - twitter_handler - INFO - Twitter API client initialized successfully
2025-05-01 23:33:05,438 - root - INFO - Starting Telegram-X Integration Bot...
2025-05-01 23:33:05,603 - telegram_handler - INFO - Telegram bot handlers set up successfully
2025-05-01 23:33:05,603 - telegram_handler - INFO - Starting Telegram bot...
2025-05-01 23:33:09,363 - httpx - INFO - HTTP Request: POST https://api.telegram.org/bot7888239708:AAHs2gwsr4DuEHRnhAUFP_izAFHW1HmiJ74/getMe "HTTP/1.1 200 OK"
2025-05-01 23:33:09,364 - telegram.ext.Application - INFO - Application started
2025-05-01 23:33:09,525 - httpx - INFO - HTTP Request: POST https://api.telegram.org/bot7888239708:AAHs2gwsr4DuEHRnhAUFP_izAFHW1HmiJ74/deleteWebhook "HTTP/1.1 200 OK"
2025-05-01 23:33:09,526 - telegram_handler - INFO - Telegram bot started successfully
2025-05-01 23:33:09,526 - telegram_handler - INFO - Telegram bot stopped
2025-05-01 23:33:09,526 - root - CRITICAL - Fatal error: 'Updater' object has no attribute 'stop_polling'
Traceback (most recent call last):
  File "/home/runner/workspace/bot.py", line 24, in start
    await self.telegram_handler.run()
  File "/home/runner/workspace/telegram_handler.py", line 163, in run
    await self.application.updater.stop_polling()
          ^^^^^^^^^^^^^^^^^^^^^^^^^^^^^^^^^^^^^
AttributeError: 'Updater' object has no attribute 'stop_polling'
2025-05-01 23:33:09,527 - root - CRITICAL - Fatal error in main: 'Updater' object has no attribute 'stop_polling'
Traceback (most recent call last):
  File "/home/runner/workspace/main.py", line 14, in main
    await bot.start()
  File "/home/runner/workspace/bot.py", line 24, in start
    await self.telegram_handler.run()
  File "/home/runner/workspace/telegram_handler.py", line 163, in run
    await self.application.updater.stop_polling()
          ^^^^^^^^^^^^^^^^^^^^^^^^^^^^^^^^^^^^^
AttributeError: 'Updater' object has no attribute 'stop_polling'
2025-05-01 23:33:09,535 - root - CRITICAL - Unhandled exception: 'Updater' object has no attribute 'stop_polling'
Traceback (most recent call last):
  File "/home/runner/workspace/main.py", line 22, in <module>
    asyncio.run(main())
  File "/nix/store/clx0mcir7qw8zk36zbr4jra789g3knf6-python3-3.11.10/lib/python3.11/asyncio/runners.py", line 190, in run
    return runner.run(main)
           ^^^^^^^^^^^^^^^^
  File "/nix/store/clx0mcir7qw8zk36zbr4jra789g3knf6-python3-3.11.10/lib/python3.11/asyncio/runners.py", line 118, in run
    return self._loop.run_until_complete(task)
           ^^^^^^^^^^^^^^^^^^^^^^^^^^^^^^^^^^^
  File "/nix/store/clx0mcir7qw8zk36zbr4jra789g3knf6-python3-3.11.10/lib/python3.11/asyncio/base_events.py", line 654, in run_until_complete
    return future.result()
           ^^^^^^^^^^^^^^^
  File "/home/runner/workspace/main.py", line 14, in main
    await bot.start()
  File "/home/runner/workspace/bot.py", line 24, in start
    await self.telegram_handler.run()
  File "/home/runner/workspace/telegram_handler.py", line 163, in run
    await self.application.updater.stop_polling()
          ^^^^^^^^^^^^^^^^^^^^^^^^^^^^^^^^^^^^^
AttributeError: 'Updater' object has no attribute 'stop_polling'
2025-05-01 23:37:23,993 - root - INFO - Telegram-X integration bot logger initialized
2025-05-01 23:37:24,598 - root - INFO - Telegram-X integration bot logger initialized
2025-05-01 23:37:24,600 - root - INFO - Initializing Telegram-X integration bot...
2025-05-01 23:37:24,600 - twitter_handler - INFO - Twitter API client initialized successfully
2025-05-01 23:37:24,600 - root - INFO - Starting Telegram-X Integration Bot...
2025-05-01 23:37:24,684 - telegram_handler - INFO - Telegram bot handlers set up successfully
2025-05-01 23:37:24,684 - telegram_handler - INFO - Starting Telegram bot...
2025-05-01 23:37:25,126 - httpx - INFO - HTTP Request: POST https://api.telegram.org/bot7888239708:AAHs2gwsr4DuEHRnhAUFP_izAFHW1HmiJ74/getMe "HTTP/1.1 200 OK"
2025-05-01 23:37:25,127 - telegram.ext.Application - INFO - Application started
2025-05-01 23:37:25,271 - httpx - INFO - HTTP Request: POST https://api.telegram.org/bot7888239708:AAHs2gwsr4DuEHRnhAUFP_izAFHW1HmiJ74/deleteWebhook "HTTP/1.1 200 OK"
2025-05-01 23:37:25,272 - telegram_handler - INFO - Telegram bot started successfully
2025-05-01 23:37:25,272 - root - INFO - Bot is now running...
2025-05-01 23:37:25,706 - httpx - INFO - HTTP Request: POST https://api.telegram.org/bot7888239708:AAHs2gwsr4DuEHRnhAUFP_izAFHW1HmiJ74/getUpdates "HTTP/1.1 200 OK"
2025-05-01 23:37:26,032 - httpx - INFO - HTTP Request: POST https://api.telegram.org/bot7888239708:AAHs2gwsr4DuEHRnhAUFP_izAFHW1HmiJ74/sendMessage "HTTP/1.1 200 OK"
2025-05-01 23:37:26,091 - twitter_handler - ERROR - Twitter API error: 403 Forbidden
Your client app is not configured with the appropriate oauth1 app permissions for this endpoint.
2025-05-01 23:37:26,416 - httpx - INFO - HTTP Request: POST https://api.telegram.org/bot7888239708:AAHs2gwsr4DuEHRnhAUFP_izAFHW1HmiJ74/sendMessage "HTTP/1.1 200 OK"
2025-05-01 23:37:26,417 - telegram_handler - WARNING - Failed tweet for user 7084347052: Twitter API error: 403 Forbidden
Your client app is not configured with the appropriate oauth1 app permissions for this endpoint.
2025-05-01 23:37:26,498 - telegram_handler - ERROR - Update Update(message=Message(channel_chat_created=False, chat=Chat(first_name='Jasa Bantu Kuliah', id=7084347052, type=<ChatType.PRIVATE>, username='Jasabantukuliah'), date=datetime.datetime(2025, 5, 1, 23, 34, 44, tzinfo=datetime.timezone.utc), delete_chat_photo=False, entities=(MessageEntity(length=7, offset=0, type=<MessageEntityType.BOT_COMMAND>),), from_user=User(first_name='Jasa Bantu Kuliah', id=7084347052, is_bot=False, language_code='en', username='Jasabantukuliah'), group_chat_created=False, message_id=4, supergroup_chat_created=False, text='/status'), update_id=513028823) caused error: 'TwitterHandler' object has no attribute 'MAX_TWEETS_PER_HOUR'
2025-05-01 23:37:26,835 - httpx - INFO - HTTP Request: POST https://api.telegram.org/bot7888239708:AAHs2gwsr4DuEHRnhAUFP_izAFHW1HmiJ74/sendMessage "HTTP/1.1 200 OK"
2025-05-01 23:37:27,164 - httpx - INFO - HTTP Request: POST https://api.telegram.org/bot7888239708:AAHs2gwsr4DuEHRnhAUFP_izAFHW1HmiJ74/sendMessage "HTTP/1.1 200 OK"
2025-05-01 23:37:27,205 - twitter_handler - ERROR - Twitter API error: 403 Forbidden
Your client app is not configured with the appropriate oauth1 app permissions for this endpoint.
2025-05-01 23:37:27,529 - httpx - INFO - HTTP Request: POST https://api.telegram.org/bot7888239708:AAHs2gwsr4DuEHRnhAUFP_izAFHW1HmiJ74/sendMessage "HTTP/1.1 200 OK"
2025-05-01 23:37:27,530 - telegram_handler - WARNING - Failed tweet for user 7084347052: Twitter API error: 403 Forbidden
Your client app is not configured with the appropriate oauth1 app permissions for this endpoint.
2025-05-01 23:37:27,597 - telegram_handler - ERROR - Update Update(message=Message(channel_chat_created=False, chat=Chat(first_name='Jasa Bantu Kuliah', id=7084347052, type=<ChatType.PRIVATE>, username='Jasabantukuliah'), date=datetime.datetime(2025, 5, 1, 23, 37, 16, tzinfo=datetime.timezone.utc), delete_chat_photo=False, entities=(MessageEntity(length=7, offset=0, type=<MessageEntityType.BOT_COMMAND>),), from_user=User(first_name='Jasa Bantu Kuliah', id=7084347052, is_bot=False, language_code='en', username='Jasabantukuliah'), group_chat_created=False, message_id=6, supergroup_chat_created=False, text='/status'), update_id=513028825) caused error: 'TwitterHandler' object has no attribute 'MAX_TWEETS_PER_HOUR'
2025-05-01 23:37:27,923 - httpx - INFO - HTTP Request: POST https://api.telegram.org/bot7888239708:AAHs2gwsr4DuEHRnhAUFP_izAFHW1HmiJ74/sendMessage "HTTP/1.1 200 OK"
2025-05-01 23:37:33,577 - httpx - INFO - HTTP Request: POST https://api.telegram.org/bot7888239708:AAHs2gwsr4DuEHRnhAUFP_izAFHW1HmiJ74/getUpdates "HTTP/1.1 200 OK"
2025-05-01 23:37:33,639 - telegram_handler - ERROR - Update Update(message=Message(channel_chat_created=False, chat=Chat(first_name='Jasa Bantu Kuliah', id=7084347052, type=<ChatType.PRIVATE>, username='Jasabantukuliah'), date=datetime.datetime(2025, 5, 1, 23, 37, 33, tzinfo=datetime.timezone.utc), delete_chat_photo=False, entities=(MessageEntity(length=7, offset=0, type=<MessageEntityType.BOT_COMMAND>),), from_user=User(first_name='Jasa Bantu Kuliah', id=7084347052, is_bot=False, language_code='en', username='Jasabantukuliah'), group_chat_created=False, message_id=13, supergroup_chat_created=False, text='/status'), update_id=513028826) caused error: 'TwitterHandler' object has no attribute 'MAX_TWEETS_PER_HOUR'
2025-05-01 23:37:34,256 - httpx - INFO - HTTP Request: POST https://api.telegram.org/bot7888239708:AAHs2gwsr4DuEHRnhAUFP_izAFHW1HmiJ74/sendMessage "HTTP/1.1 200 OK"
2025-05-01 23:37:43,788 - httpx - INFO - HTTP Request: POST https://api.telegram.org/bot7888239708:AAHs2gwsr4DuEHRnhAUFP_izAFHW1HmiJ74/getUpdates "HTTP/1.1 200 OK"
2025-05-01 23:37:53,935 - httpx - INFO - HTTP Request: POST https://api.telegram.org/bot7888239708:AAHs2gwsr4DuEHRnhAUFP_izAFHW1HmiJ74/getUpdates "HTTP/1.1 200 OK"
2025-05-01 23:38:01,100 - root - INFO - Telegram-X integration bot logger initialized
2025-05-01 23:38:01,102 - root - INFO - Initializing Telegram-X integration bot...
2025-05-01 23:38:01,102 - twitter_handler - INFO - Twitter API client initialized successfully
2025-05-01 23:38:01,103 - root - INFO - Starting Telegram-X Integration Bot...
2025-05-01 23:38:01,159 - telegram_handler - INFO - Telegram bot handlers set up successfully
2025-05-01 23:38:01,159 - telegram_handler - INFO - Starting Telegram bot...
2025-05-01 23:38:01,597 - httpx - INFO - HTTP Request: POST https://api.telegram.org/bot7888239708:AAHs2gwsr4DuEHRnhAUFP_izAFHW1HmiJ74/getMe "HTTP/1.1 200 OK"
2025-05-01 23:38:01,598 - telegram.ext.Application - INFO - Application started
2025-05-01 23:38:01,743 - httpx - INFO - HTTP Request: POST https://api.telegram.org/bot7888239708:AAHs2gwsr4DuEHRnhAUFP_izAFHW1HmiJ74/deleteWebhook "HTTP/1.1 200 OK"
2025-05-01 23:38:01,744 - telegram_handler - INFO - Telegram bot started successfully
2025-05-01 23:38:01,744 - root - INFO - Bot is now running...
2025-05-01 23:38:12,178 - httpx - INFO - HTTP Request: POST https://api.telegram.org/bot7888239708:AAHs2gwsr4DuEHRnhAUFP_izAFHW1HmiJ74/getUpdates "HTTP/1.1 200 OK"
2025-05-01 23:38:22,328 - httpx - INFO - HTTP Request: POST https://api.telegram.org/bot7888239708:AAHs2gwsr4DuEHRnhAUFP_izAFHW1HmiJ74/getUpdates "HTTP/1.1 200 OK"
2025-05-01 23:38:32,482 - httpx - INFO - HTTP Request: POST https://api.telegram.org/bot7888239708:AAHs2gwsr4DuEHRnhAUFP_izAFHW1HmiJ74/getUpdates "HTTP/1.1 200 OK"
2025-05-01 23:38:42,628 - httpx - INFO - HTTP Request: POST https://api.telegram.org/bot7888239708:AAHs2gwsr4DuEHRnhAUFP_izAFHW1HmiJ74/getUpdates "HTTP/1.1 200 OK"
2025-05-01 23:38:43,370 - root - INFO - Telegram-X integration bot logger initialized
2025-05-01 23:38:43,370 - root - INFO - Initializing Telegram-X integration bot...
2025-05-01 23:38:43,371 - twitter_handler - INFO - Twitter API client initialized successfully
2025-05-01 23:38:43,371 - root - INFO - Starting Telegram-X Integration Bot...
2025-05-01 23:38:43,430 - telegram_handler - INFO - Telegram bot handlers set up successfully
2025-05-01 23:38:43,430 - telegram_handler - INFO - Starting Telegram bot...
2025-05-01 23:38:43,921 - httpx - INFO - HTTP Request: POST https://api.telegram.org/bot7888239708:AAHs2gwsr4DuEHRnhAUFP_izAFHW1HmiJ74/getMe "HTTP/1.1 200 OK"
2025-05-01 23:38:43,923 - telegram.ext.Application - INFO - Application started
2025-05-01 23:38:44,069 - httpx - INFO - HTTP Request: POST https://api.telegram.org/bot7888239708:AAHs2gwsr4DuEHRnhAUFP_izAFHW1HmiJ74/deleteWebhook "HTTP/1.1 200 OK"
2025-05-01 23:38:44,070 - telegram_handler - INFO - Telegram bot started successfully
2025-05-01 23:38:44,070 - root - INFO - Bot is now running...
2025-05-01 23:38:54,506 - httpx - INFO - HTTP Request: POST https://api.telegram.org/bot7888239708:AAHs2gwsr4DuEHRnhAUFP_izAFHW1HmiJ74/getUpdates "HTTP/1.1 200 OK"
2025-05-01 23:39:02,103 - httpx - INFO - HTTP Request: POST https://api.telegram.org/bot7888239708:AAHs2gwsr4DuEHRnhAUFP_izAFHW1HmiJ74/getUpdates "HTTP/1.1 200 OK"
2025-05-01 23:39:02,730 - httpx - INFO - HTTP Request: POST https://api.telegram.org/bot7888239708:AAHs2gwsr4DuEHRnhAUFP_izAFHW1HmiJ74/sendMessage "HTTP/1.1 200 OK"
2025-05-01 23:39:12,251 - httpx - INFO - HTTP Request: POST https://api.telegram.org/bot7888239708:AAHs2gwsr4DuEHRnhAUFP_izAFHW1HmiJ74/getUpdates "HTTP/1.1 200 OK"
2025-05-01 23:39:22,397 - httpx - INFO - HTTP Request: POST https://api.telegram.org/bot7888239708:AAHs2gwsr4DuEHRnhAUFP_izAFHW1HmiJ74/getUpdates "HTTP/1.1 200 OK"
2025-05-01 23:39:22,542 - httpx - INFO - HTTP Request: POST https://api.telegram.org/bot7888239708:AAHs2gwsr4DuEHRnhAUFP_izAFHW1HmiJ74/getUpdates "HTTP/1.1 429 Too Many Requests"
2025-05-01 23:39:22,543 - telegram.ext - INFO - Network Retry Loop (Polling Updates): Flood control exceeded. Retry in 5 seconds. Adding 0.5 seconds to the specified time.
2025-05-01 23:39:29,214 - root - INFO - Telegram-X integration bot logger initialized
2025-05-01 23:39:29,214 - root - INFO - Initializing Telegram-X integration bot...
2025-05-01 23:39:29,215 - twitter_handler - INFO - Twitter API client initialized successfully
2025-05-01 23:39:29,215 - root - INFO - Starting Telegram-X Integration Bot...
2025-05-01 23:39:29,274 - telegram_handler - INFO - Telegram bot handlers set up successfully
2025-05-01 23:39:29,274 - telegram_handler - INFO - Starting Telegram bot...
2025-05-01 23:39:34,584 - root - INFO - Telegram-X integration bot logger initialized
2025-05-01 23:39:34,986 - root - INFO - Telegram-X integration bot logger initialized
2025-05-01 23:39:34,986 - root - INFO - Initializing Telegram-X integration bot...
2025-05-01 23:39:34,986 - twitter_handler - INFO - Twitter API client initialized successfully
2025-05-01 23:39:34,987 - root - INFO - Starting Telegram-X Integration Bot...
2025-05-01 23:39:35,044 - telegram_handler - INFO - Telegram bot handlers set up successfully
2025-05-01 23:39:35,044 - telegram_handler - INFO - Starting Telegram bot...
2025-05-01 23:39:40,348 - root - CRITICAL - Fatal error: Timed out
Traceback (most recent call last):
  File "/home/runner/workspace/.pythonlibs/lib/python3.11/site-packages/httpx/_transports/default.py", line 101, in map_httpcore_exceptions
    yield
  File "/home/runner/workspace/.pythonlibs/lib/python3.11/site-packages/httpx/_transports/default.py", line 394, in handle_async_request
    resp = await self._pool.handle_async_request(req)
           ^^^^^^^^^^^^^^^^^^^^^^^^^^^^^^^^^^^^^^^^^^
  File "/home/runner/workspace/.pythonlibs/lib/python3.11/site-packages/httpcore/_async/connection_pool.py", line 256, in handle_async_request
    raise exc from None
  File "/home/runner/workspace/.pythonlibs/lib/python3.11/site-packages/httpcore/_async/connection_pool.py", line 236, in handle_async_request
    response = await connection.handle_async_request(
               ^^^^^^^^^^^^^^^^^^^^^^^^^^^^^^^^^^^^^^
  File "/home/runner/workspace/.pythonlibs/lib/python3.11/site-packages/httpcore/_async/connection.py", line 103, in handle_async_request
    return await self._connection.handle_async_request(request)
           ^^^^^^^^^^^^^^^^^^^^^^^^^^^^^^^^^^^^^^^^^^^^^^^^^^^^
  File "/home/runner/workspace/.pythonlibs/lib/python3.11/site-packages/httpcore/_async/http11.py", line 136, in handle_async_request
    raise exc
  File "/home/runner/workspace/.pythonlibs/lib/python3.11/site-packages/httpcore/_async/http11.py", line 106, in handle_async_request
    ) = await self._receive_response_headers(**kwargs)
        ^^^^^^^^^^^^^^^^^^^^^^^^^^^^^^^^^^^^^^^^^^^^^^
  File "/home/runner/workspace/.pythonlibs/lib/python3.11/site-packages/httpcore/_async/http11.py", line 177, in _receive_response_headers
    event = await self._receive_event(timeout=timeout)
            ^^^^^^^^^^^^^^^^^^^^^^^^^^^^^^^^^^^^^^^^^^
  File "/home/runner/workspace/.pythonlibs/lib/python3.11/site-packages/httpcore/_async/http11.py", line 217, in _receive_event
    data = await self._network_stream.read(
           ^^^^^^^^^^^^^^^^^^^^^^^^^^^^^^^^
  File "/home/runner/workspace/.pythonlibs/lib/python3.11/site-packages/httpcore/_backends/anyio.py", line 32, in read
    with map_exceptions(exc_map):
  File "/nix/store/clx0mcir7qw8zk36zbr4jra789g3knf6-python3-3.11.10/lib/python3.11/contextlib.py", line 158, in __exit__
    self.gen.throw(typ, value, traceback)
  File "/home/runner/workspace/.pythonlibs/lib/python3.11/site-packages/httpcore/_exceptions.py", line 14, in map_exceptions
    raise to_exc(exc) from exc
httpcore.ReadTimeout

The above exception was the direct cause of the following exception:

Traceback (most recent call last):
  File "/home/runner/workspace/.pythonlibs/lib/python3.11/site-packages/telegram/request/_httpxrequest.py", line 277, in do_request
    res = await self._client.request(
          ^^^^^^^^^^^^^^^^^^^^^^^^^^^
  File "/home/runner/workspace/.pythonlibs/lib/python3.11/site-packages/httpx/_client.py", line 1540, in request
    return await self.send(request, auth=auth, follow_redirects=follow_redirects)
           ^^^^^^^^^^^^^^^^^^^^^^^^^^^^^^^^^^^^^^^^^^^^^^^^^^^^^^^^^^^^^^^^^^^^^^
  File "/home/runner/workspace/.pythonlibs/lib/python3.11/site-packages/httpx/_client.py", line 1629, in send
    response = await self._send_handling_auth(
               ^^^^^^^^^^^^^^^^^^^^^^^^^^^^^^^
  File "/home/runner/workspace/.pythonlibs/lib/python3.11/site-packages/httpx/_client.py", line 1657, in _send_handling_auth
    response = await self._send_handling_redirects(
               ^^^^^^^^^^^^^^^^^^^^^^^^^^^^^^^^^^^^
  File "/home/runner/workspace/.pythonlibs/lib/python3.11/site-packages/httpx/_client.py", line 1694, in _send_handling_redirects
    response = await self._send_single_request(request)
               ^^^^^^^^^^^^^^^^^^^^^^^^^^^^^^^^^^^^^^^^
  File "/home/runner/workspace/.pythonlibs/lib/python3.11/site-packages/httpx/_client.py", line 1730, in _send_single_request
    response = await transport.handle_async_request(request)
               ^^^^^^^^^^^^^^^^^^^^^^^^^^^^^^^^^^^^^^^^^^^^^
  File "/home/runner/workspace/.pythonlibs/lib/python3.11/site-packages/httpx/_transports/default.py", line 393, in handle_async_request
    with map_httpcore_exceptions():
  File "/nix/store/clx0mcir7qw8zk36zbr4jra789g3knf6-python3-3.11.10/lib/python3.11/contextlib.py", line 158, in __exit__
    self.gen.throw(typ, value, traceback)
  File "/home/runner/workspace/.pythonlibs/lib/python3.11/site-packages/httpx/_transports/default.py", line 118, in map_httpcore_exceptions
    raise mapped_exc(message) from exc
httpx.ReadTimeout

The above exception was the direct cause of the following exception:

Traceback (most recent call last):
  File "/home/runner/workspace/bot.py", line 24, in start
    await self.telegram_handler.run()
  File "/home/runner/workspace/telegram_handler.py", line 160, in run
    await self.application.initialize()
  File "/home/runner/workspace/.pythonlibs/lib/python3.11/site-packages/telegram/ext/_application.py", line 486, in initialize
    await self.bot.initialize()
  File "/home/runner/workspace/.pythonlibs/lib/python3.11/site-packages/telegram/ext/_extbot.py", line 308, in initialize
    await super().initialize()
  File "/home/runner/workspace/.pythonlibs/lib/python3.11/site-packages/telegram/_bot.py", line 835, in initialize
    await self.get_me()
  File "/home/runner/workspace/.pythonlibs/lib/python3.11/site-packages/telegram/ext/_extbot.py", line 1969, in get_me
    return await super().get_me(
           ^^^^^^^^^^^^^^^^^^^^^
  File "/home/runner/workspace/.pythonlibs/lib/python3.11/site-packages/telegram/_bot.py", line 967, in get_me
    result = await self._post(
             ^^^^^^^^^^^^^^^^^
  File "/home/runner/workspace/.pythonlibs/lib/python3.11/site-packages/telegram/_bot.py", line 691, in _post
    return await self._do_post(
           ^^^^^^^^^^^^^^^^^^^^
  File "/home/runner/workspace/.pythonlibs/lib/python3.11/site-packages/telegram/ext/_extbot.py", line 362, in _do_post
    return await super()._do_post(
           ^^^^^^^^^^^^^^^^^^^^^^^
  File "/home/runner/workspace/.pythonlibs/lib/python3.11/site-packages/telegram/_bot.py", line 720, in _do_post
    result = await request.post(
             ^^^^^^^^^^^^^^^^^^^
  File "/home/runner/workspace/.pythonlibs/lib/python3.11/site-packages/telegram/request/_baserequest.py", line 197, in post
    result = await self._request_wrapper(
             ^^^^^^^^^^^^^^^^^^^^^^^^^^^^
  File "/home/runner/workspace/.pythonlibs/lib/python3.11/site-packages/telegram/request/_baserequest.py", line 304, in _request_wrapper
    code, payload = await self.do_request(
                    ^^^^^^^^^^^^^^^^^^^^^^
  File "/home/runner/workspace/.pythonlibs/lib/python3.11/site-packages/telegram/request/_httpxrequest.py", line 294, in do_request
    raise TimedOut from err
telegram.error.TimedOut: Timed out
2025-05-01 23:39:40,353 - root - CRITICAL - Fatal error in main: Timed out
Traceback (most recent call last):
  File "/home/runner/workspace/.pythonlibs/lib/python3.11/site-packages/httpx/_transports/default.py", line 101, in map_httpcore_exceptions
    yield
  File "/home/runner/workspace/.pythonlibs/lib/python3.11/site-packages/httpx/_transports/default.py", line 394, in handle_async_request
    resp = await self._pool.handle_async_request(req)
           ^^^^^^^^^^^^^^^^^^^^^^^^^^^^^^^^^^^^^^^^^^
  File "/home/runner/workspace/.pythonlibs/lib/python3.11/site-packages/httpcore/_async/connection_pool.py", line 256, in handle_async_request
    raise exc from None
  File "/home/runner/workspace/.pythonlibs/lib/python3.11/site-packages/httpcore/_async/connection_pool.py", line 236, in handle_async_request
    response = await connection.handle_async_request(
               ^^^^^^^^^^^^^^^^^^^^^^^^^^^^^^^^^^^^^^
  File "/home/runner/workspace/.pythonlibs/lib/python3.11/site-packages/httpcore/_async/connection.py", line 103, in handle_async_request
    return await self._connection.handle_async_request(request)
           ^^^^^^^^^^^^^^^^^^^^^^^^^^^^^^^^^^^^^^^^^^^^^^^^^^^^
  File "/home/runner/workspace/.pythonlibs/lib/python3.11/site-packages/httpcore/_async/http11.py", line 136, in handle_async_request
    raise exc
  File "/home/runner/workspace/.pythonlibs/lib/python3.11/site-packages/httpcore/_async/http11.py", line 106, in handle_async_request
    ) = await self._receive_response_headers(**kwargs)
        ^^^^^^^^^^^^^^^^^^^^^^^^^^^^^^^^^^^^^^^^^^^^^^
  File "/home/runner/workspace/.pythonlibs/lib/python3.11/site-packages/httpcore/_async/http11.py", line 177, in _receive_response_headers
    event = await self._receive_event(timeout=timeout)
            ^^^^^^^^^^^^^^^^^^^^^^^^^^^^^^^^^^^^^^^^^^
  File "/home/runner/workspace/.pythonlibs/lib/python3.11/site-packages/httpcore/_async/http11.py", line 217, in _receive_event
    data = await self._network_stream.read(
           ^^^^^^^^^^^^^^^^^^^^^^^^^^^^^^^^
  File "/home/runner/workspace/.pythonlibs/lib/python3.11/site-packages/httpcore/_backends/anyio.py", line 32, in read
    with map_exceptions(exc_map):
  File "/nix/store/clx0mcir7qw8zk36zbr4jra789g3knf6-python3-3.11.10/lib/python3.11/contextlib.py", line 158, in __exit__
    self.gen.throw(typ, value, traceback)
  File "/home/runner/workspace/.pythonlibs/lib/python3.11/site-packages/httpcore/_exceptions.py", line 14, in map_exceptions
    raise to_exc(exc) from exc
httpcore.ReadTimeout

The above exception was the direct cause of the following exception:

Traceback (most recent call last):
  File "/home/runner/workspace/.pythonlibs/lib/python3.11/site-packages/telegram/request/_httpxrequest.py", line 277, in do_request
    res = await self._client.request(
          ^^^^^^^^^^^^^^^^^^^^^^^^^^^
  File "/home/runner/workspace/.pythonlibs/lib/python3.11/site-packages/httpx/_client.py", line 1540, in request
    return await self.send(request, auth=auth, follow_redirects=follow_redirects)
           ^^^^^^^^^^^^^^^^^^^^^^^^^^^^^^^^^^^^^^^^^^^^^^^^^^^^^^^^^^^^^^^^^^^^^^
  File "/home/runner/workspace/.pythonlibs/lib/python3.11/site-packages/httpx/_client.py", line 1629, in send
    response = await self._send_handling_auth(
               ^^^^^^^^^^^^^^^^^^^^^^^^^^^^^^^
  File "/home/runner/workspace/.pythonlibs/lib/python3.11/site-packages/httpx/_client.py", line 1657, in _send_handling_auth
    response = await self._send_handling_redirects(
               ^^^^^^^^^^^^^^^^^^^^^^^^^^^^^^^^^^^^
  File "/home/runner/workspace/.pythonlibs/lib/python3.11/site-packages/httpx/_client.py", line 1694, in _send_handling_redirects
    response = await self._send_single_request(request)
               ^^^^^^^^^^^^^^^^^^^^^^^^^^^^^^^^^^^^^^^^
  File "/home/runner/workspace/.pythonlibs/lib/python3.11/site-packages/httpx/_client.py", line 1730, in _send_single_request
    response = await transport.handle_async_request(request)
               ^^^^^^^^^^^^^^^^^^^^^^^^^^^^^^^^^^^^^^^^^^^^^
  File "/home/runner/workspace/.pythonlibs/lib/python3.11/site-packages/httpx/_transports/default.py", line 393, in handle_async_request
    with map_httpcore_exceptions():
  File "/nix/store/clx0mcir7qw8zk36zbr4jra789g3knf6-python3-3.11.10/lib/python3.11/contextlib.py", line 158, in __exit__
    self.gen.throw(typ, value, traceback)
  File "/home/runner/workspace/.pythonlibs/lib/python3.11/site-packages/httpx/_transports/default.py", line 118, in map_httpcore_exceptions
    raise mapped_exc(message) from exc
httpx.ReadTimeout

The above exception was the direct cause of the following exception:

Traceback (most recent call last):
  File "/home/runner/workspace/main.py", line 14, in main
    await bot.start()
  File "/home/runner/workspace/bot.py", line 24, in start
    await self.telegram_handler.run()
  File "/home/runner/workspace/telegram_handler.py", line 160, in run
    await self.application.initialize()
  File "/home/runner/workspace/.pythonlibs/lib/python3.11/site-packages/telegram/ext/_application.py", line 486, in initialize
    await self.bot.initialize()
  File "/home/runner/workspace/.pythonlibs/lib/python3.11/site-packages/telegram/ext/_extbot.py", line 308, in initialize
    await super().initialize()
  File "/home/runner/workspace/.pythonlibs/lib/python3.11/site-packages/telegram/_bot.py", line 835, in initialize
    await self.get_me()
  File "/home/runner/workspace/.pythonlibs/lib/python3.11/site-packages/telegram/ext/_extbot.py", line 1969, in get_me
    return await super().get_me(
           ^^^^^^^^^^^^^^^^^^^^^
  File "/home/runner/workspace/.pythonlibs/lib/python3.11/site-packages/telegram/_bot.py", line 967, in get_me
    result = await self._post(
             ^^^^^^^^^^^^^^^^^
  File "/home/runner/workspace/.pythonlibs/lib/python3.11/site-packages/telegram/_bot.py", line 691, in _post
    return await self._do_post(
           ^^^^^^^^^^^^^^^^^^^^
  File "/home/runner/workspace/.pythonlibs/lib/python3.11/site-packages/telegram/ext/_extbot.py", line 362, in _do_post
    return await super()._do_post(
           ^^^^^^^^^^^^^^^^^^^^^^^
  File "/home/runner/workspace/.pythonlibs/lib/python3.11/site-packages/telegram/_bot.py", line 720, in _do_post
    result = await request.post(
             ^^^^^^^^^^^^^^^^^^^
  File "/home/runner/workspace/.pythonlibs/lib/python3.11/site-packages/telegram/request/_baserequest.py", line 197, in post
    result = await self._request_wrapper(
             ^^^^^^^^^^^^^^^^^^^^^^^^^^^^
  File "/home/runner/workspace/.pythonlibs/lib/python3.11/site-packages/telegram/request/_baserequest.py", line 304, in _request_wrapper
    code, payload = await self.do_request(
                    ^^^^^^^^^^^^^^^^^^^^^^
  File "/home/runner/workspace/.pythonlibs/lib/python3.11/site-packages/telegram/request/_httpxrequest.py", line 294, in do_request
    raise TimedOut from err
telegram.error.TimedOut: Timed out
2025-05-01 23:39:40,361 - root - CRITICAL - Unhandled exception: Timed out
Traceback (most recent call last):
  File "/home/runner/workspace/.pythonlibs/lib/python3.11/site-packages/httpx/_transports/default.py", line 101, in map_httpcore_exceptions
    yield
  File "/home/runner/workspace/.pythonlibs/lib/python3.11/site-packages/httpx/_transports/default.py", line 394, in handle_async_request
    resp = await self._pool.handle_async_request(req)
           ^^^^^^^^^^^^^^^^^^^^^^^^^^^^^^^^^^^^^^^^^^
  File "/home/runner/workspace/.pythonlibs/lib/python3.11/site-packages/httpcore/_async/connection_pool.py", line 256, in handle_async_request
    raise exc from None
  File "/home/runner/workspace/.pythonlibs/lib/python3.11/site-packages/httpcore/_async/connection_pool.py", line 236, in handle_async_request
    response = await connection.handle_async_request(
               ^^^^^^^^^^^^^^^^^^^^^^^^^^^^^^^^^^^^^^
  File "/home/runner/workspace/.pythonlibs/lib/python3.11/site-packages/httpcore/_async/connection.py", line 103, in handle_async_request
    return await self._connection.handle_async_request(request)
           ^^^^^^^^^^^^^^^^^^^^^^^^^^^^^^^^^^^^^^^^^^^^^^^^^^^^
  File "/home/runner/workspace/.pythonlibs/lib/python3.11/site-packages/httpcore/_async/http11.py", line 136, in handle_async_request
    raise exc
  File "/home/runner/workspace/.pythonlibs/lib/python3.11/site-packages/httpcore/_async/http11.py", line 106, in handle_async_request
    ) = await self._receive_response_headers(**kwargs)
        ^^^^^^^^^^^^^^^^^^^^^^^^^^^^^^^^^^^^^^^^^^^^^^
  File "/home/runner/workspace/.pythonlibs/lib/python3.11/site-packages/httpcore/_async/http11.py", line 177, in _receive_response_headers
    event = await self._receive_event(timeout=timeout)
            ^^^^^^^^^^^^^^^^^^^^^^^^^^^^^^^^^^^^^^^^^^
  File "/home/runner/workspace/.pythonlibs/lib/python3.11/site-packages/httpcore/_async/http11.py", line 217, in _receive_event
    data = await self._network_stream.read(
           ^^^^^^^^^^^^^^^^^^^^^^^^^^^^^^^^
  File "/home/runner/workspace/.pythonlibs/lib/python3.11/site-packages/httpcore/_backends/anyio.py", line 32, in read
    with map_exceptions(exc_map):
  File "/nix/store/clx0mcir7qw8zk36zbr4jra789g3knf6-python3-3.11.10/lib/python3.11/contextlib.py", line 158, in __exit__
    self.gen.throw(typ, value, traceback)
  File "/home/runner/workspace/.pythonlibs/lib/python3.11/site-packages/httpcore/_exceptions.py", line 14, in map_exceptions
    raise to_exc(exc) from exc
httpcore.ReadTimeout

The above exception was the direct cause of the following exception:

Traceback (most recent call last):
  File "/home/runner/workspace/.pythonlibs/lib/python3.11/site-packages/telegram/request/_httpxrequest.py", line 277, in do_request
    res = await self._client.request(
          ^^^^^^^^^^^^^^^^^^^^^^^^^^^
  File "/home/runner/workspace/.pythonlibs/lib/python3.11/site-packages/httpx/_client.py", line 1540, in request
    return await self.send(request, auth=auth, follow_redirects=follow_redirects)
           ^^^^^^^^^^^^^^^^^^^^^^^^^^^^^^^^^^^^^^^^^^^^^^^^^^^^^^^^^^^^^^^^^^^^^^
  File "/home/runner/workspace/.pythonlibs/lib/python3.11/site-packages/httpx/_client.py", line 1629, in send
    response = await self._send_handling_auth(
               ^^^^^^^^^^^^^^^^^^^^^^^^^^^^^^^
  File "/home/runner/workspace/.pythonlibs/lib/python3.11/site-packages/httpx/_client.py", line 1657, in _send_handling_auth
    response = await self._send_handling_redirects(
               ^^^^^^^^^^^^^^^^^^^^^^^^^^^^^^^^^^^^
  File "/home/runner/workspace/.pythonlibs/lib/python3.11/site-packages/httpx/_client.py", line 1694, in _send_handling_redirects
    response = await self._send_single_request(request)
               ^^^^^^^^^^^^^^^^^^^^^^^^^^^^^^^^^^^^^^^^
  File "/home/runner/workspace/.pythonlibs/lib/python3.11/site-packages/httpx/_client.py", line 1730, in _send_single_request
    response = await transport.handle_async_request(request)
               ^^^^^^^^^^^^^^^^^^^^^^^^^^^^^^^^^^^^^^^^^^^^^
  File "/home/runner/workspace/.pythonlibs/lib/python3.11/site-packages/httpx/_transports/default.py", line 393, in handle_async_request
    with map_httpcore_exceptions():
  File "/nix/store/clx0mcir7qw8zk36zbr4jra789g3knf6-python3-3.11.10/lib/python3.11/contextlib.py", line 158, in __exit__
    self.gen.throw(typ, value, traceback)
  File "/home/runner/workspace/.pythonlibs/lib/python3.11/site-packages/httpx/_transports/default.py", line 118, in map_httpcore_exceptions
    raise mapped_exc(message) from exc
httpx.ReadTimeout

The above exception was the direct cause of the following exception:

Traceback (most recent call last):
  File "/home/runner/workspace/main.py", line 22, in <module>
    asyncio.run(main())
  File "/nix/store/clx0mcir7qw8zk36zbr4jra789g3knf6-python3-3.11.10/lib/python3.11/asyncio/runners.py", line 190, in run
    return runner.run(main)
           ^^^^^^^^^^^^^^^^
  File "/nix/store/clx0mcir7qw8zk36zbr4jra789g3knf6-python3-3.11.10/lib/python3.11/asyncio/runners.py", line 118, in run
    return self._loop.run_until_complete(task)
           ^^^^^^^^^^^^^^^^^^^^^^^^^^^^^^^^^^^
  File "/nix/store/clx0mcir7qw8zk36zbr4jra789g3knf6-python3-3.11.10/lib/python3.11/asyncio/base_events.py", line 654, in run_until_complete
    return future.result()
           ^^^^^^^^^^^^^^^
  File "/home/runner/workspace/main.py", line 14, in main
    await bot.start()
  File "/home/runner/workspace/bot.py", line 24, in start
    await self.telegram_handler.run()
  File "/home/runner/workspace/telegram_handler.py", line 160, in run
    await self.application.initialize()
  File "/home/runner/workspace/.pythonlibs/lib/python3.11/site-packages/telegram/ext/_application.py", line 486, in initialize
    await self.bot.initialize()
  File "/home/runner/workspace/.pythonlibs/lib/python3.11/site-packages/telegram/ext/_extbot.py", line 308, in initialize
    await super().initialize()
  File "/home/runner/workspace/.pythonlibs/lib/python3.11/site-packages/telegram/_bot.py", line 835, in initialize
    await self.get_me()
  File "/home/runner/workspace/.pythonlibs/lib/python3.11/site-packages/telegram/ext/_extbot.py", line 1969, in get_me
    return await super().get_me(
           ^^^^^^^^^^^^^^^^^^^^^
  File "/home/runner/workspace/.pythonlibs/lib/python3.11/site-packages/telegram/_bot.py", line 967, in get_me
    result = await self._post(
             ^^^^^^^^^^^^^^^^^
  File "/home/runner/workspace/.pythonlibs/lib/python3.11/site-packages/telegram/_bot.py", line 691, in _post
    return await self._do_post(
           ^^^^^^^^^^^^^^^^^^^^
  File "/home/runner/workspace/.pythonlibs/lib/python3.11/site-packages/telegram/ext/_extbot.py", line 362, in _do_post
    return await super()._do_post(
           ^^^^^^^^^^^^^^^^^^^^^^^
  File "/home/runner/workspace/.pythonlibs/lib/python3.11/site-packages/telegram/_bot.py", line 720, in _do_post
    result = await request.post(
             ^^^^^^^^^^^^^^^^^^^
  File "/home/runner/workspace/.pythonlibs/lib/python3.11/site-packages/telegram/request/_baserequest.py", line 197, in post
    result = await self._request_wrapper(
             ^^^^^^^^^^^^^^^^^^^^^^^^^^^^
  File "/home/runner/workspace/.pythonlibs/lib/python3.11/site-packages/telegram/request/_baserequest.py", line 304, in _request_wrapper
    code, payload = await self.do_request(
                    ^^^^^^^^^^^^^^^^^^^^^^
  File "/home/runner/workspace/.pythonlibs/lib/python3.11/site-packages/telegram/request/_httpxrequest.py", line 294, in do_request
    raise TimedOut from err
telegram.error.TimedOut: Timed out
2025-05-01 23:41:36,981 - root - INFO - Telegram-X integration bot logger initialized
2025-05-01 23:41:51,014 - root - INFO - Telegram-X integration bot logger initialized
2025-05-01 23:41:51,440 - root - INFO - Telegram-X integration bot logger initialized
2025-05-01 23:41:51,443 - root - INFO - Initializing Telegram-X integration bot...
2025-05-01 23:41:51,444 - root - INFO - Initializing Telegram-X integration bot...
2025-05-01 23:41:51,444 - twitter_handler - INFO - Twitter API client initialized successfully
2025-05-01 23:41:51,445 - twitter_handler - INFO - Twitter API client initialized successfully
2025-05-01 23:41:51,446 - root - INFO - Starting Telegram-X Integration Bot...
2025-05-01 23:41:51,446 - root - INFO - Starting Telegram-X Integration Bot...
2025-05-01 23:41:51,503 - telegram_handler - INFO - Telegram bot handlers set up successfully
2025-05-01 23:41:51,504 - telegram_handler - INFO - Starting Telegram bot...
2025-05-01 23:41:51,504 - telegram_handler - ERROR - Error starting Telegram bot: 'NoneType' object has no attribute 'timeout'
2025-05-01 23:41:51,505 - root - CRITICAL - Fatal error: 'NoneType' object has no attribute 'timeout'
Traceback (most recent call last):
  File "/home/runner/workspace/bot.py", line 24, in start
    await self.telegram_handler.run()
  File "/home/runner/workspace/telegram_handler.py", line 162, in run
    self.application.bot.defaults.timeout = 10
    ^^^^^^^^^^^^^^^^^^^^^^^^^^^^^^^^^^^^^
AttributeError: 'NoneType' object has no attribute 'timeout'
2025-05-01 23:41:51,505 - root - CRITICAL - Fatal error in bot: 'NoneType' object has no attribute 'timeout'
Traceback (most recent call last):
  File "/home/runner/workspace/main.py", line 31, in run_bot
    await bot.start()
  File "/home/runner/workspace/bot.py", line 24, in start
    await self.telegram_handler.run()
  File "/home/runner/workspace/telegram_handler.py", line 162, in run
    self.application.bot.defaults.timeout = 10
    ^^^^^^^^^^^^^^^^^^^^^^^^^^^^^^^^^^^^^
AttributeError: 'NoneType' object has no attribute 'timeout'
2025-05-01 23:41:51,506 - telegram_handler - INFO - Telegram bot handlers set up successfully
2025-05-01 23:41:51,506 - telegram_handler - INFO - Starting Telegram bot...
2025-05-01 23:41:51,507 - telegram_handler - ERROR - Error starting Telegram bot: 'NoneType' object has no attribute 'timeout'
2025-05-01 23:41:51,507 - root - CRITICAL - Fatal error: 'NoneType' object has no attribute 'timeout'
Traceback (most recent call last):
  File "/home/runner/workspace/bot.py", line 24, in start
    await self.telegram_handler.run()
  File "/home/runner/workspace/telegram_handler.py", line 162, in run
    self.application.bot.defaults.timeout = 10
    ^^^^^^^^^^^^^^^^^^^^^^^^^^^^^^^^^^^^^
AttributeError: 'NoneType' object has no attribute 'timeout'
2025-05-01 23:41:51,507 - root - CRITICAL - Fatal error in bot: 'NoneType' object has no attribute 'timeout'
Traceback (most recent call last):
  File "/home/runner/workspace/main.py", line 31, in run_bot
    await bot.start()
  File "/home/runner/workspace/bot.py", line 24, in start
    await self.telegram_handler.run()
  File "/home/runner/workspace/telegram_handler.py", line 162, in run
    self.application.bot.defaults.timeout = 10
    ^^^^^^^^^^^^^^^^^^^^^^^^^^^^^^^^^^^^^
AttributeError: 'NoneType' object has no attribute 'timeout'
2025-05-01 23:42:13,544 - root - INFO - Telegram-X integration bot logger initialized
2025-05-01 23:42:21,723 - root - INFO - Telegram-X integration bot logger initialized
2025-05-01 23:42:21,726 - root - INFO - Initializing Telegram-X integration bot...
2025-05-01 23:42:21,728 - twitter_handler - INFO - Twitter API client initialized successfully
2025-05-01 23:42:21,729 - root - INFO - Starting Telegram-X Integration Bot...
2025-05-01 23:42:21,851 - telegram_handler - INFO - Telegram bot handlers set up successfully
2025-05-01 23:42:21,852 - telegram_handler - INFO - Starting Telegram bot...
2025-05-01 23:42:22,309 - httpx - INFO - HTTP Request: POST https://api.telegram.org/bot7888239708:AAHs2gwsr4DuEHRnhAUFP_izAFHW1HmiJ74/getMe "HTTP/1.1 200 OK"
2025-05-01 23:42:22,312 - telegram.ext.Application - INFO - Application started
2025-05-01 23:42:22,313 - telegram_handler - ERROR - Error starting Telegram bot: Updater.start_polling() got an unexpected keyword argument 'read_timeout'
2025-05-01 23:42:22,317 - root - CRITICAL - Fatal error: Updater.start_polling() got an unexpected keyword argument 'read_timeout'
Traceback (most recent call last):
  File "/home/runner/workspace/bot.py", line 24, in start
    await self.telegram_handler.run()
  File "/home/runner/workspace/telegram_handler.py", line 169, in run
    await self.application.updater.start_polling(
          ^^^^^^^^^^^^^^^^^^^^^^^^^^^^^^^^^^^^^^^
TypeError: Updater.start_polling() got an unexpected keyword argument 'read_timeout'
2025-05-01 23:42:22,321 - root - ERROR - Error starting bot (attempt 1/3): Updater.start_polling() got an unexpected keyword argument 'read_timeout'
2025-05-01 23:42:22,322 - root - INFO - Waiting 5 seconds before retry...
2025-05-01 23:42:27,329 - twitter_handler - INFO - Twitter API client initialized successfully
2025-05-01 23:42:27,329 - root - INFO - Starting Telegram-X Integration Bot...
2025-05-01 23:42:27,367 - telegram_handler - INFO - Telegram bot handlers set up successfully
2025-05-01 23:42:27,368 - telegram_handler - INFO - Starting Telegram bot...
2025-05-01 23:42:27,812 - httpx - INFO - HTTP Request: POST https://api.telegram.org/bot7888239708:AAHs2gwsr4DuEHRnhAUFP_izAFHW1HmiJ74/getMe "HTTP/1.1 200 OK"
2025-05-01 23:42:27,814 - telegram.ext.Application - INFO - Application started
2025-05-01 23:42:27,815 - telegram_handler - ERROR - Error starting Telegram bot: Updater.start_polling() got an unexpected keyword argument 'read_timeout'
2025-05-01 23:42:27,816 - root - CRITICAL - Fatal error: Updater.start_polling() got an unexpected keyword argument 'read_timeout'
Traceback (most recent call last):
  File "/home/runner/workspace/bot.py", line 24, in start
    await self.telegram_handler.run()
  File "/home/runner/workspace/telegram_handler.py", line 169, in run
    await self.application.updater.start_polling(
          ^^^^^^^^^^^^^^^^^^^^^^^^^^^^^^^^^^^^^^^
TypeError: Updater.start_polling() got an unexpected keyword argument 'read_timeout'
2025-05-01 23:42:27,822 - root - ERROR - Error starting bot (attempt 2/3): Updater.start_polling() got an unexpected keyword argument 'read_timeout'
2025-05-01 23:42:27,825 - root - INFO - Waiting 5 seconds before retry...
2025-05-01 23:42:42,218 - root - INFO - Telegram-X integration bot logger initialized
2025-05-01 23:42:50,896 - root - INFO - Telegram-X integration bot logger initialized
2025-05-01 23:42:50,898 - root - INFO - Initializing Telegram-X integration bot...
2025-05-01 23:42:50,899 - twitter_handler - INFO - Twitter API client initialized successfully
2025-05-01 23:42:50,900 - root - INFO - Starting Telegram-X Integration Bot...
2025-05-01 23:42:51,028 - telegram_handler - INFO - Telegram bot handlers set up successfully
2025-05-01 23:42:51,029 - telegram_handler - INFO - Starting Telegram bot...
2025-05-01 23:42:51,490 - httpx - INFO - HTTP Request: POST https://api.telegram.org/bot7888239708:AAHs2gwsr4DuEHRnhAUFP_izAFHW1HmiJ74/getMe "HTTP/1.1 200 OK"
2025-05-01 23:42:51,492 - telegram.ext.Application - INFO - Application started
2025-05-01 23:42:51,641 - httpx - INFO - HTTP Request: POST https://api.telegram.org/bot7888239708:AAHs2gwsr4DuEHRnhAUFP_izAFHW1HmiJ74/deleteWebhook "HTTP/1.1 200 OK"
2025-05-01 23:42:51,645 - telegram_handler - INFO - Telegram bot started successfully
2025-05-01 23:42:51,646 - root - INFO - Bot is now running...
2025-05-01 23:43:06,447 - root - INFO - Telegram-X integration bot logger initialized
2025-05-01 23:43:06,450 - root - INFO - Initializing Telegram-X integration bot...
2025-05-01 23:43:06,451 - twitter_handler - INFO - Twitter API client initialized successfully
2025-05-01 23:43:06,450 - root - INFO - Initializing Telegram-X integration bot...
2025-05-01 23:43:06,451 - root - INFO - Starting Telegram-X Integration Bot...
2025-05-01 23:43:06,454 - twitter_handler - INFO - Twitter API client initialized successfully
2025-05-01 23:43:06,455 - root - INFO - Starting Telegram-X Integration Bot...
2025-05-01 23:43:06,516 - telegram_handler - INFO - Telegram bot handlers set up successfully
2025-05-01 23:43:06,517 - telegram_handler - INFO - Starting Telegram bot...
2025-05-01 23:43:06,522 - telegram_handler - INFO - Telegram bot handlers set up successfully
2025-05-01 23:43:06,522 - telegram_handler - INFO - Starting Telegram bot...
2025-05-01 23:43:06,962 - httpx - INFO - HTTP Request: POST https://api.telegram.org/bot7888239708:AAHs2gwsr4DuEHRnhAUFP_izAFHW1HmiJ74/getMe "HTTP/1.1 200 OK"
2025-05-01 23:43:06,968 - telegram.ext.Application - INFO - Application started
2025-05-01 23:43:06,969 - httpx - INFO - HTTP Request: POST https://api.telegram.org/bot7888239708:AAHs2gwsr4DuEHRnhAUFP_izAFHW1HmiJ74/getMe "HTTP/1.1 200 OK"
2025-05-01 23:43:06,971 - telegram.ext.Application - INFO - Application started
2025-05-01 23:43:07,116 - httpx - INFO - HTTP Request: POST https://api.telegram.org/bot7888239708:AAHs2gwsr4DuEHRnhAUFP_izAFHW1HmiJ74/deleteWebhook "HTTP/1.1 200 OK"
2025-05-01 23:43:07,118 - telegram_handler - INFO - Telegram bot started successfully
2025-05-01 23:43:07,118 - root - INFO - Bot is now running...
2025-05-01 23:43:07,117 - httpx - INFO - HTTP Request: POST https://api.telegram.org/bot7888239708:AAHs2gwsr4DuEHRnhAUFP_izAFHW1HmiJ74/deleteWebhook "HTTP/1.1 200 OK"
2025-05-01 23:43:07,120 - telegram_handler - INFO - Telegram bot started successfully
2025-05-01 23:43:07,120 - root - INFO - Bot is now running...
2025-05-01 23:43:07,560 - httpx - INFO - HTTP Request: POST https://api.telegram.org/bot7888239708:AAHs2gwsr4DuEHRnhAUFP_izAFHW1HmiJ74/getUpdates "HTTP/1.1 409 Conflict"
2025-05-01 23:43:07,561 - telegram.ext.Updater - ERROR - Exception happened while polling for updates.
Traceback (most recent call last):
  File "/home/runner/workspace/.pythonlibs/lib/python3.11/site-packages/telegram/ext/_utils/networkloop.py", line 115, in network_retry_loop
    if not await do_action():
           ^^^^^^^^^^^^^^^^^
  File "/home/runner/workspace/.pythonlibs/lib/python3.11/site-packages/telegram/ext/_utils/networkloop.py", line 108, in do_action
    return action_cb_task.result()
           ^^^^^^^^^^^^^^^^^^^^^^^
  File "/home/runner/workspace/.pythonlibs/lib/python3.11/site-packages/telegram/ext/_updater.py", line 335, in polling_action_cb
    updates = await self.bot.get_updates(
              ^^^^^^^^^^^^^^^^^^^^^^^^^^^
  File "/home/runner/workspace/.pythonlibs/lib/python3.11/site-packages/telegram/ext/_extbot.py", line 658, in get_updates
    updates = await super().get_updates(
              ^^^^^^^^^^^^^^^^^^^^^^^^^^
  File "/home/runner/workspace/.pythonlibs/lib/python3.11/site-packages/telegram/_bot.py", line 4593, in get_updates
    await self._post(
  File "/home/runner/workspace/.pythonlibs/lib/python3.11/site-packages/telegram/_bot.py", line 691, in _post
    return await self._do_post(
           ^^^^^^^^^^^^^^^^^^^^
  File "/home/runner/workspace/.pythonlibs/lib/python3.11/site-packages/telegram/ext/_extbot.py", line 362, in _do_post
    return await super()._do_post(
           ^^^^^^^^^^^^^^^^^^^^^^^
  File "/home/runner/workspace/.pythonlibs/lib/python3.11/site-packages/telegram/_bot.py", line 720, in _do_post
    result = await request.post(
             ^^^^^^^^^^^^^^^^^^^
  File "/home/runner/workspace/.pythonlibs/lib/python3.11/site-packages/telegram/request/_baserequest.py", line 197, in post
    result = await self._request_wrapper(
             ^^^^^^^^^^^^^^^^^^^^^^^^^^^^
  File "/home/runner/workspace/.pythonlibs/lib/python3.11/site-packages/telegram/request/_baserequest.py", line 355, in _request_wrapper
    raise Conflict(message)
telegram.error.Conflict: Conflict: terminated by other getUpdates request; make sure that only one bot instance is running
2025-05-01 23:43:11,715 - httpx - INFO - HTTP Request: POST https://api.telegram.org/bot7888239708:AAHs2gwsr4DuEHRnhAUFP_izAFHW1HmiJ74/getUpdates "HTTP/1.1 409 Conflict"
2025-05-01 23:43:11,717 - telegram.ext.Updater - ERROR - Exception happened while polling for updates.
Traceback (most recent call last):
  File "/home/runner/workspace/.pythonlibs/lib/python3.11/site-packages/telegram/ext/_utils/networkloop.py", line 115, in network_retry_loop
    if not await do_action():
           ^^^^^^^^^^^^^^^^^
  File "/home/runner/workspace/.pythonlibs/lib/python3.11/site-packages/telegram/ext/_utils/networkloop.py", line 108, in do_action
    return action_cb_task.result()
           ^^^^^^^^^^^^^^^^^^^^^^^
  File "/home/runner/workspace/.pythonlibs/lib/python3.11/site-packages/telegram/ext/_updater.py", line 335, in polling_action_cb
    updates = await self.bot.get_updates(
              ^^^^^^^^^^^^^^^^^^^^^^^^^^^
  File "/home/runner/workspace/.pythonlibs/lib/python3.11/site-packages/telegram/ext/_extbot.py", line 658, in get_updates
    updates = await super().get_updates(
              ^^^^^^^^^^^^^^^^^^^^^^^^^^
  File "/home/runner/workspace/.pythonlibs/lib/python3.11/site-packages/telegram/_bot.py", line 4593, in get_updates
    await self._post(
  File "/home/runner/workspace/.pythonlibs/lib/python3.11/site-packages/telegram/_bot.py", line 691, in _post
    return await self._do_post(
           ^^^^^^^^^^^^^^^^^^^^
  File "/home/runner/workspace/.pythonlibs/lib/python3.11/site-packages/telegram/ext/_extbot.py", line 362, in _do_post
    return await super()._do_post(
           ^^^^^^^^^^^^^^^^^^^^^^^
  File "/home/runner/workspace/.pythonlibs/lib/python3.11/site-packages/telegram/_bot.py", line 720, in _do_post
    result = await request.post(
             ^^^^^^^^^^^^^^^^^^^
  File "/home/runner/workspace/.pythonlibs/lib/python3.11/site-packages/telegram/request/_baserequest.py", line 197, in post
    result = await self._request_wrapper(
             ^^^^^^^^^^^^^^^^^^^^^^^^^^^^
  File "/home/runner/workspace/.pythonlibs/lib/python3.11/site-packages/telegram/request/_baserequest.py", line 355, in _request_wrapper
    raise Conflict(message)
telegram.error.Conflict: Conflict: terminated by other getUpdates request; make sure that only one bot instance is running
2025-05-01 23:43:12,867 - httpx - INFO - HTTP Request: POST https://api.telegram.org/bot7888239708:AAHs2gwsr4DuEHRnhAUFP_izAFHW1HmiJ74/getUpdates "HTTP/1.1 409 Conflict"
2025-05-01 23:43:12,868 - telegram.ext.Updater - ERROR - Exception happened while polling for updates.
Traceback (most recent call last):
  File "/home/runner/workspace/.pythonlibs/lib/python3.11/site-packages/telegram/ext/_utils/networkloop.py", line 115, in network_retry_loop
    if not await do_action():
           ^^^^^^^^^^^^^^^^^
  File "/home/runner/workspace/.pythonlibs/lib/python3.11/site-packages/telegram/ext/_utils/networkloop.py", line 108, in do_action
    return action_cb_task.result()
           ^^^^^^^^^^^^^^^^^^^^^^^
  File "/home/runner/workspace/.pythonlibs/lib/python3.11/site-packages/telegram/ext/_updater.py", line 335, in polling_action_cb
    updates = await self.bot.get_updates(
              ^^^^^^^^^^^^^^^^^^^^^^^^^^^
  File "/home/runner/workspace/.pythonlibs/lib/python3.11/site-packages/telegram/ext/_extbot.py", line 658, in get_updates
    updates = await super().get_updates(
              ^^^^^^^^^^^^^^^^^^^^^^^^^^
  File "/home/runner/workspace/.pythonlibs/lib/python3.11/site-packages/telegram/_bot.py", line 4593, in get_updates
    await self._post(
  File "/home/runner/workspace/.pythonlibs/lib/python3.11/site-packages/telegram/_bot.py", line 691, in _post
    return await self._do_post(
           ^^^^^^^^^^^^^^^^^^^^
  File "/home/runner/workspace/.pythonlibs/lib/python3.11/site-packages/telegram/ext/_extbot.py", line 362, in _do_post
    return await super()._do_post(
           ^^^^^^^^^^^^^^^^^^^^^^^
  File "/home/runner/workspace/.pythonlibs/lib/python3.11/site-packages/telegram/_bot.py", line 720, in _do_post
    result = await request.post(
             ^^^^^^^^^^^^^^^^^^^
  File "/home/runner/workspace/.pythonlibs/lib/python3.11/site-packages/telegram/request/_baserequest.py", line 197, in post
    result = await self._request_wrapper(
             ^^^^^^^^^^^^^^^^^^^^^^^^^^^^
  File "/home/runner/workspace/.pythonlibs/lib/python3.11/site-packages/telegram/request/_baserequest.py", line 355, in _request_wrapper
    raise Conflict(message)
telegram.error.Conflict: Conflict: terminated by other getUpdates request; make sure that only one bot instance is running
2025-05-01 23:43:17,517 - httpx - INFO - HTTP Request: POST https://api.telegram.org/bot7888239708:AAHs2gwsr4DuEHRnhAUFP_izAFHW1HmiJ74/getUpdates "HTTP/1.1 409 Conflict"
2025-05-01 23:43:17,518 - telegram.ext.Updater - ERROR - Exception happened while polling for updates.
Traceback (most recent call last):
  File "/home/runner/workspace/.pythonlibs/lib/python3.11/site-packages/telegram/ext/_utils/networkloop.py", line 115, in network_retry_loop
    if not await do_action():
           ^^^^^^^^^^^^^^^^^
  File "/home/runner/workspace/.pythonlibs/lib/python3.11/site-packages/telegram/ext/_utils/networkloop.py", line 108, in do_action
    return action_cb_task.result()
           ^^^^^^^^^^^^^^^^^^^^^^^
  File "/home/runner/workspace/.pythonlibs/lib/python3.11/site-packages/telegram/ext/_updater.py", line 335, in polling_action_cb
    updates = await self.bot.get_updates(
              ^^^^^^^^^^^^^^^^^^^^^^^^^^^
  File "/home/runner/workspace/.pythonlibs/lib/python3.11/site-packages/telegram/ext/_extbot.py", line 658, in get_updates
    updates = await super().get_updates(
              ^^^^^^^^^^^^^^^^^^^^^^^^^^
  File "/home/runner/workspace/.pythonlibs/lib/python3.11/site-packages/telegram/_bot.py", line 4593, in get_updates
    await self._post(
  File "/home/runner/workspace/.pythonlibs/lib/python3.11/site-packages/telegram/_bot.py", line 691, in _post
    return await self._do_post(
           ^^^^^^^^^^^^^^^^^^^^
  File "/home/runner/workspace/.pythonlibs/lib/python3.11/site-packages/telegram/ext/_extbot.py", line 362, in _do_post
    return await super()._do_post(
           ^^^^^^^^^^^^^^^^^^^^^^^
  File "/home/runner/workspace/.pythonlibs/lib/python3.11/site-packages/telegram/_bot.py", line 720, in _do_post
    result = await request.post(
             ^^^^^^^^^^^^^^^^^^^
  File "/home/runner/workspace/.pythonlibs/lib/python3.11/site-packages/telegram/request/_baserequest.py", line 197, in post
    result = await self._request_wrapper(
             ^^^^^^^^^^^^^^^^^^^^^^^^^^^^
  File "/home/runner/workspace/.pythonlibs/lib/python3.11/site-packages/telegram/request/_baserequest.py", line 355, in _request_wrapper
    raise Conflict(message)
telegram.error.Conflict: Conflict: terminated by other getUpdates request; make sure that only one bot instance is running
2025-05-01 23:43:19,167 - httpx - INFO - HTTP Request: POST https://api.telegram.org/bot7888239708:AAHs2gwsr4DuEHRnhAUFP_izAFHW1HmiJ74/getUpdates "HTTP/1.1 409 Conflict"
2025-05-01 23:43:19,168 - telegram.ext.Updater - ERROR - Exception happened while polling for updates.
Traceback (most recent call last):
  File "/home/runner/workspace/.pythonlibs/lib/python3.11/site-packages/telegram/ext/_utils/networkloop.py", line 115, in network_retry_loop
    if not await do_action():
           ^^^^^^^^^^^^^^^^^
  File "/home/runner/workspace/.pythonlibs/lib/python3.11/site-packages/telegram/ext/_utils/networkloop.py", line 108, in do_action
    return action_cb_task.result()
           ^^^^^^^^^^^^^^^^^^^^^^^
  File "/home/runner/workspace/.pythonlibs/lib/python3.11/site-packages/telegram/ext/_updater.py", line 335, in polling_action_cb
    updates = await self.bot.get_updates(
              ^^^^^^^^^^^^^^^^^^^^^^^^^^^
  File "/home/runner/workspace/.pythonlibs/lib/python3.11/site-packages/telegram/ext/_extbot.py", line 658, in get_updates
    updates = await super().get_updates(
              ^^^^^^^^^^^^^^^^^^^^^^^^^^
  File "/home/runner/workspace/.pythonlibs/lib/python3.11/site-packages/telegram/_bot.py", line 4593, in get_updates
    await self._post(
  File "/home/runner/workspace/.pythonlibs/lib/python3.11/site-packages/telegram/_bot.py", line 691, in _post
    return await self._do_post(
           ^^^^^^^^^^^^^^^^^^^^
  File "/home/runner/workspace/.pythonlibs/lib/python3.11/site-packages/telegram/ext/_extbot.py", line 362, in _do_post
    return await super()._do_post(
           ^^^^^^^^^^^^^^^^^^^^^^^
  File "/home/runner/workspace/.pythonlibs/lib/python3.11/site-packages/telegram/_bot.py", line 720, in _do_post
    result = await request.post(
             ^^^^^^^^^^^^^^^^^^^
  File "/home/runner/workspace/.pythonlibs/lib/python3.11/site-packages/telegram/request/_baserequest.py", line 197, in post
    result = await self._request_wrapper(
             ^^^^^^^^^^^^^^^^^^^^^^^^^^^^
  File "/home/runner/workspace/.pythonlibs/lib/python3.11/site-packages/telegram/request/_baserequest.py", line 355, in _request_wrapper
    raise Conflict(message)
telegram.error.Conflict: Conflict: terminated by other getUpdates request; make sure that only one bot instance is running
2025-05-01 23:43:24,567 - httpx - INFO - HTTP Request: POST https://api.telegram.org/bot7888239708:AAHs2gwsr4DuEHRnhAUFP_izAFHW1HmiJ74/getUpdates "HTTP/1.1 409 Conflict"
2025-05-01 23:43:24,568 - telegram.ext.Updater - ERROR - Exception happened while polling for updates.
Traceback (most recent call last):
  File "/home/runner/workspace/.pythonlibs/lib/python3.11/site-packages/telegram/ext/_utils/networkloop.py", line 115, in network_retry_loop
    if not await do_action():
           ^^^^^^^^^^^^^^^^^
  File "/home/runner/workspace/.pythonlibs/lib/python3.11/site-packages/telegram/ext/_utils/networkloop.py", line 108, in do_action
    return action_cb_task.result()
           ^^^^^^^^^^^^^^^^^^^^^^^
  File "/home/runner/workspace/.pythonlibs/lib/python3.11/site-packages/telegram/ext/_updater.py", line 335, in polling_action_cb
    updates = await self.bot.get_updates(
              ^^^^^^^^^^^^^^^^^^^^^^^^^^^
  File "/home/runner/workspace/.pythonlibs/lib/python3.11/site-packages/telegram/ext/_extbot.py", line 658, in get_updates
    updates = await super().get_updates(
              ^^^^^^^^^^^^^^^^^^^^^^^^^^
  File "/home/runner/workspace/.pythonlibs/lib/python3.11/site-packages/telegram/_bot.py", line 4593, in get_updates
    await self._post(
  File "/home/runner/workspace/.pythonlibs/lib/python3.11/site-packages/telegram/_bot.py", line 691, in _post
    return await self._do_post(
           ^^^^^^^^^^^^^^^^^^^^
  File "/home/runner/workspace/.pythonlibs/lib/python3.11/site-packages/telegram/ext/_extbot.py", line 362, in _do_post
    return await super()._do_post(
           ^^^^^^^^^^^^^^^^^^^^^^^
  File "/home/runner/workspace/.pythonlibs/lib/python3.11/site-packages/telegram/_bot.py", line 720, in _do_post
    result = await request.post(
             ^^^^^^^^^^^^^^^^^^^
  File "/home/runner/workspace/.pythonlibs/lib/python3.11/site-packages/telegram/request/_baserequest.py", line 197, in post
    result = await self._request_wrapper(
             ^^^^^^^^^^^^^^^^^^^^^^^^^^^^
  File "/home/runner/workspace/.pythonlibs/lib/python3.11/site-packages/telegram/request/_baserequest.py", line 355, in _request_wrapper
    raise Conflict(message)
telegram.error.Conflict: Conflict: terminated by other getUpdates request; make sure that only one bot instance is running
2025-05-01 23:43:26,967 - httpx - INFO - HTTP Request: POST https://api.telegram.org/bot7888239708:AAHs2gwsr4DuEHRnhAUFP_izAFHW1HmiJ74/getUpdates "HTTP/1.1 409 Conflict"
2025-05-01 23:43:26,967 - telegram.ext.Updater - ERROR - Exception happened while polling for updates.
Traceback (most recent call last):
  File "/home/runner/workspace/.pythonlibs/lib/python3.11/site-packages/telegram/ext/_utils/networkloop.py", line 115, in network_retry_loop
    if not await do_action():
           ^^^^^^^^^^^^^^^^^
  File "/home/runner/workspace/.pythonlibs/lib/python3.11/site-packages/telegram/ext/_utils/networkloop.py", line 108, in do_action
    return action_cb_task.result()
           ^^^^^^^^^^^^^^^^^^^^^^^
  File "/home/runner/workspace/.pythonlibs/lib/python3.11/site-packages/telegram/ext/_updater.py", line 335, in polling_action_cb
    updates = await self.bot.get_updates(
              ^^^^^^^^^^^^^^^^^^^^^^^^^^^
  File "/home/runner/workspace/.pythonlibs/lib/python3.11/site-packages/telegram/ext/_extbot.py", line 658, in get_updates
    updates = await super().get_updates(
              ^^^^^^^^^^^^^^^^^^^^^^^^^^
  File "/home/runner/workspace/.pythonlibs/lib/python3.11/site-packages/telegram/_bot.py", line 4593, in get_updates
    await self._post(
  File "/home/runner/workspace/.pythonlibs/lib/python3.11/site-packages/telegram/_bot.py", line 691, in _post
    return await self._do_post(
           ^^^^^^^^^^^^^^^^^^^^
  File "/home/runner/workspace/.pythonlibs/lib/python3.11/site-packages/telegram/ext/_extbot.py", line 362, in _do_post
    return await super()._do_post(
           ^^^^^^^^^^^^^^^^^^^^^^^
  File "/home/runner/workspace/.pythonlibs/lib/python3.11/site-packages/telegram/_bot.py", line 720, in _do_post
    result = await request.post(
             ^^^^^^^^^^^^^^^^^^^
  File "/home/runner/workspace/.pythonlibs/lib/python3.11/site-packages/telegram/request/_baserequest.py", line 197, in post
    result = await self._request_wrapper(
             ^^^^^^^^^^^^^^^^^^^^^^^^^^^^
  File "/home/runner/workspace/.pythonlibs/lib/python3.11/site-packages/telegram/request/_baserequest.py", line 355, in _request_wrapper
    raise Conflict(message)
telegram.error.Conflict: Conflict: terminated by other getUpdates request; make sure that only one bot instance is running
2025-05-01 23:43:30,494 - httpx - INFO - HTTP Request: POST https://api.telegram.org/bot7888239708:AAHs2gwsr4DuEHRnhAUFP_izAFHW1HmiJ74/getUpdates "HTTP/1.1 409 Conflict"
2025-05-01 23:43:30,495 - telegram.ext.Updater - ERROR - Exception happened while polling for updates.
Traceback (most recent call last):
  File "/home/runner/workspace/.pythonlibs/lib/python3.11/site-packages/telegram/ext/_utils/networkloop.py", line 115, in network_retry_loop
    if not await do_action():
           ^^^^^^^^^^^^^^^^^
  File "/home/runner/workspace/.pythonlibs/lib/python3.11/site-packages/telegram/ext/_utils/networkloop.py", line 108, in do_action
    return action_cb_task.result()
           ^^^^^^^^^^^^^^^^^^^^^^^
  File "/home/runner/workspace/.pythonlibs/lib/python3.11/site-packages/telegram/ext/_updater.py", line 335, in polling_action_cb
    updates = await self.bot.get_updates(
              ^^^^^^^^^^^^^^^^^^^^^^^^^^^
  File "/home/runner/workspace/.pythonlibs/lib/python3.11/site-packages/telegram/ext/_extbot.py", line 658, in get_updates
    updates = await super().get_updates(
              ^^^^^^^^^^^^^^^^^^^^^^^^^^
  File "/home/runner/workspace/.pythonlibs/lib/python3.11/site-packages/telegram/_bot.py", line 4593, in get_updates
    await self._post(
  File "/home/runner/workspace/.pythonlibs/lib/python3.11/site-packages/telegram/_bot.py", line 691, in _post
    return await self._do_post(
           ^^^^^^^^^^^^^^^^^^^^
  File "/home/runner/workspace/.pythonlibs/lib/python3.11/site-packages/telegram/ext/_extbot.py", line 362, in _do_post
    return await super()._do_post(
           ^^^^^^^^^^^^^^^^^^^^^^^
  File "/home/runner/workspace/.pythonlibs/lib/python3.11/site-packages/telegram/_bot.py", line 720, in _do_post
    result = await request.post(
             ^^^^^^^^^^^^^^^^^^^
  File "/home/runner/workspace/.pythonlibs/lib/python3.11/site-packages/telegram/request/_baserequest.py", line 197, in post
    result = await self._request_wrapper(
             ^^^^^^^^^^^^^^^^^^^^^^^^^^^^
  File "/home/runner/workspace/.pythonlibs/lib/python3.11/site-packages/telegram/request/_baserequest.py", line 355, in _request_wrapper
    raise Conflict(message)
telegram.error.Conflict: Conflict: terminated by other getUpdates request; make sure that only one bot instance is running
2025-05-01 23:43:34,019 - httpx - INFO - HTTP Request: POST https://api.telegram.org/bot7888239708:AAHs2gwsr4DuEHRnhAUFP_izAFHW1HmiJ74/getUpdates "HTTP/1.1 409 Conflict"
2025-05-01 23:43:34,020 - telegram.ext.Updater - ERROR - Exception happened while polling for updates.
Traceback (most recent call last):
  File "/home/runner/workspace/.pythonlibs/lib/python3.11/site-packages/telegram/ext/_utils/networkloop.py", line 115, in network_retry_loop
    if not await do_action():
           ^^^^^^^^^^^^^^^^^
  File "/home/runner/workspace/.pythonlibs/lib/python3.11/site-packages/telegram/ext/_utils/networkloop.py", line 108, in do_action
    return action_cb_task.result()
           ^^^^^^^^^^^^^^^^^^^^^^^
  File "/home/runner/workspace/.pythonlibs/lib/python3.11/site-packages/telegram/ext/_updater.py", line 335, in polling_action_cb
    updates = await self.bot.get_updates(
              ^^^^^^^^^^^^^^^^^^^^^^^^^^^
  File "/home/runner/workspace/.pythonlibs/lib/python3.11/site-packages/telegram/ext/_extbot.py", line 658, in get_updates
    updates = await super().get_updates(
              ^^^^^^^^^^^^^^^^^^^^^^^^^^
  File "/home/runner/workspace/.pythonlibs/lib/python3.11/site-packages/telegram/_bot.py", line 4593, in get_updates
    await self._post(
  File "/home/runner/workspace/.pythonlibs/lib/python3.11/site-packages/telegram/_bot.py", line 691, in _post
    return await self._do_post(
           ^^^^^^^^^^^^^^^^^^^^
  File "/home/runner/workspace/.pythonlibs/lib/python3.11/site-packages/telegram/ext/_extbot.py", line 362, in _do_post
    return await super()._do_post(
           ^^^^^^^^^^^^^^^^^^^^^^^
  File "/home/runner/workspace/.pythonlibs/lib/python3.11/site-packages/telegram/_bot.py", line 720, in _do_post
    result = await request.post(
             ^^^^^^^^^^^^^^^^^^^
  File "/home/runner/workspace/.pythonlibs/lib/python3.11/site-packages/telegram/request/_baserequest.py", line 197, in post
    result = await self._request_wrapper(
             ^^^^^^^^^^^^^^^^^^^^^^^^^^^^
  File "/home/runner/workspace/.pythonlibs/lib/python3.11/site-packages/telegram/request/_baserequest.py", line 355, in _request_wrapper
    raise Conflict(message)
telegram.error.Conflict: Conflict: terminated by other getUpdates request; make sure that only one bot instance is running
2025-05-01 23:43:39,539 - httpx - INFO - HTTP Request: POST https://api.telegram.org/bot7888239708:AAHs2gwsr4DuEHRnhAUFP_izAFHW1HmiJ74/getUpdates "HTTP/1.1 409 Conflict"
2025-05-01 23:43:39,540 - telegram.ext.Updater - ERROR - Exception happened while polling for updates.
Traceback (most recent call last):
  File "/home/runner/workspace/.pythonlibs/lib/python3.11/site-packages/telegram/ext/_utils/networkloop.py", line 115, in network_retry_loop
    if not await do_action():
           ^^^^^^^^^^^^^^^^^
  File "/home/runner/workspace/.pythonlibs/lib/python3.11/site-packages/telegram/ext/_utils/networkloop.py", line 108, in do_action
    return action_cb_task.result()
           ^^^^^^^^^^^^^^^^^^^^^^^
  File "/home/runner/workspace/.pythonlibs/lib/python3.11/site-packages/telegram/ext/_updater.py", line 335, in polling_action_cb
    updates = await self.bot.get_updates(
              ^^^^^^^^^^^^^^^^^^^^^^^^^^^
  File "/home/runner/workspace/.pythonlibs/lib/python3.11/site-packages/telegram/ext/_extbot.py", line 658, in get_updates
    updates = await super().get_updates(
              ^^^^^^^^^^^^^^^^^^^^^^^^^^
  File "/home/runner/workspace/.pythonlibs/lib/python3.11/site-packages/telegram/_bot.py", line 4593, in get_updates
    await self._post(
  File "/home/runner/workspace/.pythonlibs/lib/python3.11/site-packages/telegram/_bot.py", line 691, in _post
    return await self._do_post(
           ^^^^^^^^^^^^^^^^^^^^
  File "/home/runner/workspace/.pythonlibs/lib/python3.11/site-packages/telegram/ext/_extbot.py", line 362, in _do_post
    return await super()._do_post(
           ^^^^^^^^^^^^^^^^^^^^^^^
  File "/home/runner/workspace/.pythonlibs/lib/python3.11/site-packages/telegram/_bot.py", line 720, in _do_post
    result = await request.post(
             ^^^^^^^^^^^^^^^^^^^
  File "/home/runner/workspace/.pythonlibs/lib/python3.11/site-packages/telegram/request/_baserequest.py", line 197, in post
    result = await self._request_wrapper(
             ^^^^^^^^^^^^^^^^^^^^^^^^^^^^
  File "/home/runner/workspace/.pythonlibs/lib/python3.11/site-packages/telegram/request/_baserequest.py", line 355, in _request_wrapper
    raise Conflict(message)
telegram.error.Conflict: Conflict: terminated by other getUpdates request; make sure that only one bot instance is running
2025-05-01 23:43:45,070 - httpx - INFO - HTTP Request: POST https://api.telegram.org/bot7888239708:AAHs2gwsr4DuEHRnhAUFP_izAFHW1HmiJ74/getUpdates "HTTP/1.1 409 Conflict"
2025-05-01 23:43:45,071 - telegram.ext.Updater - ERROR - Exception happened while polling for updates.
Traceback (most recent call last):
  File "/home/runner/workspace/.pythonlibs/lib/python3.11/site-packages/telegram/ext/_utils/networkloop.py", line 115, in network_retry_loop
    if not await do_action():
           ^^^^^^^^^^^^^^^^^
  File "/home/runner/workspace/.pythonlibs/lib/python3.11/site-packages/telegram/ext/_utils/networkloop.py", line 108, in do_action
    return action_cb_task.result()
           ^^^^^^^^^^^^^^^^^^^^^^^
  File "/home/runner/workspace/.pythonlibs/lib/python3.11/site-packages/telegram/ext/_updater.py", line 335, in polling_action_cb
    updates = await self.bot.get_updates(
              ^^^^^^^^^^^^^^^^^^^^^^^^^^^
  File "/home/runner/workspace/.pythonlibs/lib/python3.11/site-packages/telegram/ext/_extbot.py", line 658, in get_updates
    updates = await super().get_updates(
              ^^^^^^^^^^^^^^^^^^^^^^^^^^
  File "/home/runner/workspace/.pythonlibs/lib/python3.11/site-packages/telegram/_bot.py", line 4593, in get_updates
    await self._post(
  File "/home/runner/workspace/.pythonlibs/lib/python3.11/site-packages/telegram/_bot.py", line 691, in _post
    return await self._do_post(
           ^^^^^^^^^^^^^^^^^^^^
  File "/home/runner/workspace/.pythonlibs/lib/python3.11/site-packages/telegram/ext/_extbot.py", line 362, in _do_post
    return await super()._do_post(
           ^^^^^^^^^^^^^^^^^^^^^^^
  File "/home/runner/workspace/.pythonlibs/lib/python3.11/site-packages/telegram/_bot.py", line 720, in _do_post
    result = await request.post(
             ^^^^^^^^^^^^^^^^^^^
  File "/home/runner/workspace/.pythonlibs/lib/python3.11/site-packages/telegram/request/_baserequest.py", line 197, in post
    result = await self._request_wrapper(
             ^^^^^^^^^^^^^^^^^^^^^^^^^^^^
  File "/home/runner/workspace/.pythonlibs/lib/python3.11/site-packages/telegram/request/_baserequest.py", line 355, in _request_wrapper
    raise Conflict(message)
telegram.error.Conflict: Conflict: terminated by other getUpdates request; make sure that only one bot instance is running
2025-05-01 23:43:51,294 - httpx - INFO - HTTP Request: POST https://api.telegram.org/bot7888239708:AAHs2gwsr4DuEHRnhAUFP_izAFHW1HmiJ74/getUpdates "HTTP/1.1 200 OK"
2025-05-01 23:43:51,921 - httpx - INFO - HTTP Request: POST https://api.telegram.org/bot7888239708:AAHs2gwsr4DuEHRnhAUFP_izAFHW1HmiJ74/sendMessage "HTTP/1.1 200 OK"
2025-05-01 23:43:53,105 - httpx - INFO - HTTP Request: POST https://api.telegram.org/bot7888239708:AAHs2gwsr4DuEHRnhAUFP_izAFHW1HmiJ74/getUpdates "HTTP/1.1 409 Conflict"
2025-05-01 23:43:53,106 - telegram.ext.Updater - ERROR - Exception happened while polling for updates.
Traceback (most recent call last):
  File "/home/runner/workspace/.pythonlibs/lib/python3.11/site-packages/telegram/ext/_utils/networkloop.py", line 115, in network_retry_loop
    if not await do_action():
           ^^^^^^^^^^^^^^^^^
  File "/home/runner/workspace/.pythonlibs/lib/python3.11/site-packages/telegram/ext/_utils/networkloop.py", line 108, in do_action
    return action_cb_task.result()
           ^^^^^^^^^^^^^^^^^^^^^^^
  File "/home/runner/workspace/.pythonlibs/lib/python3.11/site-packages/telegram/ext/_updater.py", line 335, in polling_action_cb
    updates = await self.bot.get_updates(
              ^^^^^^^^^^^^^^^^^^^^^^^^^^^
  File "/home/runner/workspace/.pythonlibs/lib/python3.11/site-packages/telegram/ext/_extbot.py", line 658, in get_updates
    updates = await super().get_updates(
              ^^^^^^^^^^^^^^^^^^^^^^^^^^
  File "/home/runner/workspace/.pythonlibs/lib/python3.11/site-packages/telegram/_bot.py", line 4593, in get_updates
    await self._post(
  File "/home/runner/workspace/.pythonlibs/lib/python3.11/site-packages/telegram/_bot.py", line 691, in _post
    return await self._do_post(
           ^^^^^^^^^^^^^^^^^^^^
  File "/home/runner/workspace/.pythonlibs/lib/python3.11/site-packages/telegram/ext/_extbot.py", line 362, in _do_post
    return await super()._do_post(
           ^^^^^^^^^^^^^^^^^^^^^^^
  File "/home/runner/workspace/.pythonlibs/lib/python3.11/site-packages/telegram/_bot.py", line 720, in _do_post
    result = await request.post(
             ^^^^^^^^^^^^^^^^^^^
  File "/home/runner/workspace/.pythonlibs/lib/python3.11/site-packages/telegram/request/_baserequest.py", line 197, in post
    result = await self._request_wrapper(
             ^^^^^^^^^^^^^^^^^^^^^^^^^^^^
  File "/home/runner/workspace/.pythonlibs/lib/python3.11/site-packages/telegram/request/_baserequest.py", line 355, in _request_wrapper
    raise Conflict(message)
telegram.error.Conflict: Conflict: terminated by other getUpdates request; make sure that only one bot instance is running
2025-05-01 23:43:54,033 - httpx - INFO - HTTP Request: POST https://api.telegram.org/bot7888239708:AAHs2gwsr4DuEHRnhAUFP_izAFHW1HmiJ74/getUpdates "HTTP/1.1 200 OK"
2025-05-01 23:43:54,665 - httpx - INFO - HTTP Request: POST https://api.telegram.org/bot7888239708:AAHs2gwsr4DuEHRnhAUFP_izAFHW1HmiJ74/sendMessage "HTTP/1.1 200 OK"
2025-05-01 23:43:57,253 - httpx - INFO - HTTP Request: POST https://api.telegram.org/bot7888239708:AAHs2gwsr4DuEHRnhAUFP_izAFHW1HmiJ74/getUpdates "HTTP/1.1 409 Conflict"
2025-05-01 23:43:57,254 - telegram.ext.Updater - ERROR - Exception happened while polling for updates.
Traceback (most recent call last):
  File "/home/runner/workspace/.pythonlibs/lib/python3.11/site-packages/telegram/ext/_utils/networkloop.py", line 115, in network_retry_loop
    if not await do_action():
           ^^^^^^^^^^^^^^^^^
  File "/home/runner/workspace/.pythonlibs/lib/python3.11/site-packages/telegram/ext/_utils/networkloop.py", line 108, in do_action
    return action_cb_task.result()
           ^^^^^^^^^^^^^^^^^^^^^^^
  File "/home/runner/workspace/.pythonlibs/lib/python3.11/site-packages/telegram/ext/_updater.py", line 335, in polling_action_cb
    updates = await self.bot.get_updates(
              ^^^^^^^^^^^^^^^^^^^^^^^^^^^
  File "/home/runner/workspace/.pythonlibs/lib/python3.11/site-packages/telegram/ext/_extbot.py", line 658, in get_updates
    updates = await super().get_updates(
              ^^^^^^^^^^^^^^^^^^^^^^^^^^
  File "/home/runner/workspace/.pythonlibs/lib/python3.11/site-packages/telegram/_bot.py", line 4593, in get_updates
    await self._post(
  File "/home/runner/workspace/.pythonlibs/lib/python3.11/site-packages/telegram/_bot.py", line 691, in _post
    return await self._do_post(
           ^^^^^^^^^^^^^^^^^^^^
  File "/home/runner/workspace/.pythonlibs/lib/python3.11/site-packages/telegram/ext/_extbot.py", line 362, in _do_post
    return await super()._do_post(
           ^^^^^^^^^^^^^^^^^^^^^^^
  File "/home/runner/workspace/.pythonlibs/lib/python3.11/site-packages/telegram/_bot.py", line 720, in _do_post
    result = await request.post(
             ^^^^^^^^^^^^^^^^^^^
  File "/home/runner/workspace/.pythonlibs/lib/python3.11/site-packages/telegram/request/_baserequest.py", line 197, in post
    result = await self._request_wrapper(
             ^^^^^^^^^^^^^^^^^^^^^^^^^^^^
  File "/home/runner/workspace/.pythonlibs/lib/python3.11/site-packages/telegram/request/_baserequest.py", line 355, in _request_wrapper
    raise Conflict(message)
telegram.error.Conflict: Conflict: terminated by other getUpdates request; make sure that only one bot instance is running
2025-05-01 23:43:58,401 - httpx - INFO - HTTP Request: POST https://api.telegram.org/bot7888239708:AAHs2gwsr4DuEHRnhAUFP_izAFHW1HmiJ74/getUpdates "HTTP/1.1 409 Conflict"
2025-05-01 23:43:58,402 - telegram.ext.Updater - ERROR - Exception happened while polling for updates.
Traceback (most recent call last):
  File "/home/runner/workspace/.pythonlibs/lib/python3.11/site-packages/telegram/ext/_utils/networkloop.py", line 115, in network_retry_loop
    if not await do_action():
           ^^^^^^^^^^^^^^^^^
  File "/home/runner/workspace/.pythonlibs/lib/python3.11/site-packages/telegram/ext/_utils/networkloop.py", line 108, in do_action
    return action_cb_task.result()
           ^^^^^^^^^^^^^^^^^^^^^^^
  File "/home/runner/workspace/.pythonlibs/lib/python3.11/site-packages/telegram/ext/_updater.py", line 335, in polling_action_cb
    updates = await self.bot.get_updates(
              ^^^^^^^^^^^^^^^^^^^^^^^^^^^
  File "/home/runner/workspace/.pythonlibs/lib/python3.11/site-packages/telegram/ext/_extbot.py", line 658, in get_updates
    updates = await super().get_updates(
              ^^^^^^^^^^^^^^^^^^^^^^^^^^
  File "/home/runner/workspace/.pythonlibs/lib/python3.11/site-packages/telegram/_bot.py", line 4593, in get_updates
    await self._post(
  File "/home/runner/workspace/.pythonlibs/lib/python3.11/site-packages/telegram/_bot.py", line 691, in _post
    return await self._do_post(
           ^^^^^^^^^^^^^^^^^^^^
  File "/home/runner/workspace/.pythonlibs/lib/python3.11/site-packages/telegram/ext/_extbot.py", line 362, in _do_post
    return await super()._do_post(
           ^^^^^^^^^^^^^^^^^^^^^^^
  File "/home/runner/workspace/.pythonlibs/lib/python3.11/site-packages/telegram/_bot.py", line 720, in _do_post
    result = await request.post(
             ^^^^^^^^^^^^^^^^^^^
  File "/home/runner/workspace/.pythonlibs/lib/python3.11/site-packages/telegram/request/_baserequest.py", line 197, in post
    result = await self._request_wrapper(
             ^^^^^^^^^^^^^^^^^^^^^^^^^^^^
  File "/home/runner/workspace/.pythonlibs/lib/python3.11/site-packages/telegram/request/_baserequest.py", line 355, in _request_wrapper
    raise Conflict(message)
telegram.error.Conflict: Conflict: terminated by other getUpdates request; make sure that only one bot instance is running
2025-05-01 23:44:03,049 - httpx - INFO - HTTP Request: POST https://api.telegram.org/bot7888239708:AAHs2gwsr4DuEHRnhAUFP_izAFHW1HmiJ74/getUpdates "HTTP/1.1 409 Conflict"
2025-05-01 23:44:03,050 - telegram.ext.Updater - ERROR - Exception happened while polling for updates.
Traceback (most recent call last):
  File "/home/runner/workspace/.pythonlibs/lib/python3.11/site-packages/telegram/ext/_utils/networkloop.py", line 115, in network_retry_loop
    if not await do_action():
           ^^^^^^^^^^^^^^^^^
  File "/home/runner/workspace/.pythonlibs/lib/python3.11/site-packages/telegram/ext/_utils/networkloop.py", line 108, in do_action
    return action_cb_task.result()
           ^^^^^^^^^^^^^^^^^^^^^^^
  File "/home/runner/workspace/.pythonlibs/lib/python3.11/site-packages/telegram/ext/_updater.py", line 335, in polling_action_cb
    updates = await self.bot.get_updates(
              ^^^^^^^^^^^^^^^^^^^^^^^^^^^
  File "/home/runner/workspace/.pythonlibs/lib/python3.11/site-packages/telegram/ext/_extbot.py", line 658, in get_updates
    updates = await super().get_updates(
              ^^^^^^^^^^^^^^^^^^^^^^^^^^
  File "/home/runner/workspace/.pythonlibs/lib/python3.11/site-packages/telegram/_bot.py", line 4593, in get_updates
    await self._post(
  File "/home/runner/workspace/.pythonlibs/lib/python3.11/site-packages/telegram/_bot.py", line 691, in _post
    return await self._do_post(
           ^^^^^^^^^^^^^^^^^^^^
  File "/home/runner/workspace/.pythonlibs/lib/python3.11/site-packages/telegram/ext/_extbot.py", line 362, in _do_post
    return await super()._do_post(
           ^^^^^^^^^^^^^^^^^^^^^^^
  File "/home/runner/workspace/.pythonlibs/lib/python3.11/site-packages/telegram/_bot.py", line 720, in _do_post
    result = await request.post(
             ^^^^^^^^^^^^^^^^^^^
  File "/home/runner/workspace/.pythonlibs/lib/python3.11/site-packages/telegram/request/_baserequest.py", line 197, in post
    result = await self._request_wrapper(
             ^^^^^^^^^^^^^^^^^^^^^^^^^^^^
  File "/home/runner/workspace/.pythonlibs/lib/python3.11/site-packages/telegram/request/_baserequest.py", line 355, in _request_wrapper
    raise Conflict(message)
telegram.error.Conflict: Conflict: terminated by other getUpdates request; make sure that only one bot instance is running
2025-05-01 23:44:04,364 - httpx - INFO - HTTP Request: POST https://api.telegram.org/bot7888239708:AAHs2gwsr4DuEHRnhAUFP_izAFHW1HmiJ74/getUpdates "HTTP/1.1 200 OK"
2025-05-01 23:44:04,698 - httpx - INFO - HTTP Request: POST https://api.telegram.org/bot7888239708:AAHs2gwsr4DuEHRnhAUFP_izAFHW1HmiJ74/getUpdates "HTTP/1.1 409 Conflict"
2025-05-01 23:44:04,699 - telegram.ext.Updater - ERROR - Exception happened while polling for updates.
Traceback (most recent call last):
  File "/home/runner/workspace/.pythonlibs/lib/python3.11/site-packages/telegram/ext/_utils/networkloop.py", line 115, in network_retry_loop
    if not await do_action():
           ^^^^^^^^^^^^^^^^^
  File "/home/runner/workspace/.pythonlibs/lib/python3.11/site-packages/telegram/ext/_utils/networkloop.py", line 108, in do_action
    return action_cb_task.result()
           ^^^^^^^^^^^^^^^^^^^^^^^
  File "/home/runner/workspace/.pythonlibs/lib/python3.11/site-packages/telegram/ext/_updater.py", line 335, in polling_action_cb
    updates = await self.bot.get_updates(
              ^^^^^^^^^^^^^^^^^^^^^^^^^^^
  File "/home/runner/workspace/.pythonlibs/lib/python3.11/site-packages/telegram/ext/_extbot.py", line 658, in get_updates
    updates = await super().get_updates(
              ^^^^^^^^^^^^^^^^^^^^^^^^^^
  File "/home/runner/workspace/.pythonlibs/lib/python3.11/site-packages/telegram/_bot.py", line 4593, in get_updates
    await self._post(
  File "/home/runner/workspace/.pythonlibs/lib/python3.11/site-packages/telegram/_bot.py", line 691, in _post
    return await self._do_post(
           ^^^^^^^^^^^^^^^^^^^^
  File "/home/runner/workspace/.pythonlibs/lib/python3.11/site-packages/telegram/ext/_extbot.py", line 362, in _do_post
    return await super()._do_post(
           ^^^^^^^^^^^^^^^^^^^^^^^
  File "/home/runner/workspace/.pythonlibs/lib/python3.11/site-packages/telegram/_bot.py", line 720, in _do_post
    result = await request.post(
             ^^^^^^^^^^^^^^^^^^^
  File "/home/runner/workspace/.pythonlibs/lib/python3.11/site-packages/telegram/request/_baserequest.py", line 197, in post
    result = await self._request_wrapper(
             ^^^^^^^^^^^^^^^^^^^^^^^^^^^^
  File "/home/runner/workspace/.pythonlibs/lib/python3.11/site-packages/telegram/request/_baserequest.py", line 355, in _request_wrapper
    raise Conflict(message)
telegram.error.Conflict: Conflict: terminated by other getUpdates request; make sure that only one bot instance is running
2025-05-01 23:44:04,991 - httpx - INFO - HTTP Request: POST https://api.telegram.org/bot7888239708:AAHs2gwsr4DuEHRnhAUFP_izAFHW1HmiJ74/sendMessage "HTTP/1.1 200 OK"
2025-05-01 23:44:05,054 - twitter_handler - ERROR - Twitter API error: 403 Forbidden
Your client app is not configured with the appropriate oauth1 app permissions for this endpoint.
2025-05-01 23:44:05,434 - httpx - INFO - HTTP Request: POST https://api.telegram.org/bot7888239708:AAHs2gwsr4DuEHRnhAUFP_izAFHW1HmiJ74/sendMessage "HTTP/1.1 200 OK"
2025-05-01 23:44:05,435 - telegram_handler - WARNING - Failed tweet for user 7084347052: Your X app lacks the required permissions. Please ensure your developer account has 'Write' permissions enabled for this app. Visit developer.twitter.com to update settings.
2025-05-01 23:44:07,121 - root - INFO - Bot is still running... Checking connections
2025-05-01 23:44:07,122 - root - INFO - Bot is still running... Checking connections
2025-05-01 23:44:08,854 - httpx - INFO - HTTP Request: POST https://api.telegram.org/bot7888239708:AAHs2gwsr4DuEHRnhAUFP_izAFHW1HmiJ74/getUpdates "HTTP/1.1 409 Conflict"
2025-05-01 23:44:08,854 - telegram.ext.Updater - ERROR - Exception happened while polling for updates.
Traceback (most recent call last):
  File "/home/runner/workspace/.pythonlibs/lib/python3.11/site-packages/telegram/ext/_utils/networkloop.py", line 115, in network_retry_loop
    if not await do_action():
           ^^^^^^^^^^^^^^^^^
  File "/home/runner/workspace/.pythonlibs/lib/python3.11/site-packages/telegram/ext/_utils/networkloop.py", line 108, in do_action
    return action_cb_task.result()
           ^^^^^^^^^^^^^^^^^^^^^^^
  File "/home/runner/workspace/.pythonlibs/lib/python3.11/site-packages/telegram/ext/_updater.py", line 335, in polling_action_cb
    updates = await self.bot.get_updates(
              ^^^^^^^^^^^^^^^^^^^^^^^^^^^
  File "/home/runner/workspace/.pythonlibs/lib/python3.11/site-packages/telegram/ext/_extbot.py", line 658, in get_updates
    updates = await super().get_updates(
              ^^^^^^^^^^^^^^^^^^^^^^^^^^
  File "/home/runner/workspace/.pythonlibs/lib/python3.11/site-packages/telegram/_bot.py", line 4593, in get_updates
    await self._post(
  File "/home/runner/workspace/.pythonlibs/lib/python3.11/site-packages/telegram/_bot.py", line 691, in _post
    return await self._do_post(
           ^^^^^^^^^^^^^^^^^^^^
  File "/home/runner/workspace/.pythonlibs/lib/python3.11/site-packages/telegram/ext/_extbot.py", line 362, in _do_post
    return await super()._do_post(
           ^^^^^^^^^^^^^^^^^^^^^^^
  File "/home/runner/workspace/.pythonlibs/lib/python3.11/site-packages/telegram/_bot.py", line 720, in _do_post
    result = await request.post(
             ^^^^^^^^^^^^^^^^^^^
  File "/home/runner/workspace/.pythonlibs/lib/python3.11/site-packages/telegram/request/_baserequest.py", line 197, in post
    result = await self._request_wrapper(
             ^^^^^^^^^^^^^^^^^^^^^^^^^^^^
  File "/home/runner/workspace/.pythonlibs/lib/python3.11/site-packages/telegram/request/_baserequest.py", line 355, in _request_wrapper
    raise Conflict(message)
telegram.error.Conflict: Conflict: terminated by other getUpdates request; make sure that only one bot instance is running
2025-05-01 23:44:11,251 - httpx - INFO - HTTP Request: POST https://api.telegram.org/bot7888239708:AAHs2gwsr4DuEHRnhAUFP_izAFHW1HmiJ74/getUpdates "HTTP/1.1 409 Conflict"
2025-05-01 23:44:11,252 - telegram.ext.Updater - ERROR - Exception happened while polling for updates.
Traceback (most recent call last):
  File "/home/runner/workspace/.pythonlibs/lib/python3.11/site-packages/telegram/ext/_utils/networkloop.py", line 115, in network_retry_loop
    if not await do_action():
           ^^^^^^^^^^^^^^^^^
  File "/home/runner/workspace/.pythonlibs/lib/python3.11/site-packages/telegram/ext/_utils/networkloop.py", line 108, in do_action
    return action_cb_task.result()
           ^^^^^^^^^^^^^^^^^^^^^^^
  File "/home/runner/workspace/.pythonlibs/lib/python3.11/site-packages/telegram/ext/_updater.py", line 335, in polling_action_cb
    updates = await self.bot.get_updates(
              ^^^^^^^^^^^^^^^^^^^^^^^^^^^
  File "/home/runner/workspace/.pythonlibs/lib/python3.11/site-packages/telegram/ext/_extbot.py", line 658, in get_updates
    updates = await super().get_updates(
              ^^^^^^^^^^^^^^^^^^^^^^^^^^
  File "/home/runner/workspace/.pythonlibs/lib/python3.11/site-packages/telegram/_bot.py", line 4593, in get_updates
    await self._post(
  File "/home/runner/workspace/.pythonlibs/lib/python3.11/site-packages/telegram/_bot.py", line 691, in _post
    return await self._do_post(
           ^^^^^^^^^^^^^^^^^^^^
  File "/home/runner/workspace/.pythonlibs/lib/python3.11/site-packages/telegram/ext/_extbot.py", line 362, in _do_post
    return await super()._do_post(
           ^^^^^^^^^^^^^^^^^^^^^^^
  File "/home/runner/workspace/.pythonlibs/lib/python3.11/site-packages/telegram/_bot.py", line 720, in _do_post
    result = await request.post(
             ^^^^^^^^^^^^^^^^^^^
  File "/home/runner/workspace/.pythonlibs/lib/python3.11/site-packages/telegram/request/_baserequest.py", line 197, in post
    result = await self._request_wrapper(
             ^^^^^^^^^^^^^^^^^^^^^^^^^^^^
  File "/home/runner/workspace/.pythonlibs/lib/python3.11/site-packages/telegram/request/_baserequest.py", line 355, in _request_wrapper
    raise Conflict(message)
telegram.error.Conflict: Conflict: terminated by other getUpdates request; make sure that only one bot instance is running
2025-05-01 23:44:15,899 - httpx - INFO - HTTP Request: POST https://api.telegram.org/bot7888239708:AAHs2gwsr4DuEHRnhAUFP_izAFHW1HmiJ74/getUpdates "HTTP/1.1 409 Conflict"
2025-05-01 23:44:15,900 - telegram.ext.Updater - ERROR - Exception happened while polling for updates.
Traceback (most recent call last):
  File "/home/runner/workspace/.pythonlibs/lib/python3.11/site-packages/telegram/ext/_utils/networkloop.py", line 115, in network_retry_loop
    if not await do_action():
           ^^^^^^^^^^^^^^^^^
  File "/home/runner/workspace/.pythonlibs/lib/python3.11/site-packages/telegram/ext/_utils/networkloop.py", line 108, in do_action
    return action_cb_task.result()
           ^^^^^^^^^^^^^^^^^^^^^^^
  File "/home/runner/workspace/.pythonlibs/lib/python3.11/site-packages/telegram/ext/_updater.py", line 335, in polling_action_cb
    updates = await self.bot.get_updates(
              ^^^^^^^^^^^^^^^^^^^^^^^^^^^
  File "/home/runner/workspace/.pythonlibs/lib/python3.11/site-packages/telegram/ext/_extbot.py", line 658, in get_updates
    updates = await super().get_updates(
              ^^^^^^^^^^^^^^^^^^^^^^^^^^
  File "/home/runner/workspace/.pythonlibs/lib/python3.11/site-packages/telegram/_bot.py", line 4593, in get_updates
    await self._post(
  File "/home/runner/workspace/.pythonlibs/lib/python3.11/site-packages/telegram/_bot.py", line 691, in _post
    return await self._do_post(
           ^^^^^^^^^^^^^^^^^^^^
  File "/home/runner/workspace/.pythonlibs/lib/python3.11/site-packages/telegram/ext/_extbot.py", line 362, in _do_post
    return await super()._do_post(
           ^^^^^^^^^^^^^^^^^^^^^^^
  File "/home/runner/workspace/.pythonlibs/lib/python3.11/site-packages/telegram/_bot.py", line 720, in _do_post
    result = await request.post(
             ^^^^^^^^^^^^^^^^^^^
  File "/home/runner/workspace/.pythonlibs/lib/python3.11/site-packages/telegram/request/_baserequest.py", line 197, in post
    result = await self._request_wrapper(
             ^^^^^^^^^^^^^^^^^^^^^^^^^^^^
  File "/home/runner/workspace/.pythonlibs/lib/python3.11/site-packages/telegram/request/_baserequest.py", line 355, in _request_wrapper
    raise Conflict(message)
telegram.error.Conflict: Conflict: terminated by other getUpdates request; make sure that only one bot instance is running
2025-05-01 23:44:19,424 - httpx - INFO - HTTP Request: POST https://api.telegram.org/bot7888239708:AAHs2gwsr4DuEHRnhAUFP_izAFHW1HmiJ74/getUpdates "HTTP/1.1 409 Conflict"
2025-05-01 23:44:19,426 - telegram.ext.Updater - ERROR - Exception happened while polling for updates.
Traceback (most recent call last):
  File "/home/runner/workspace/.pythonlibs/lib/python3.11/site-packages/telegram/ext/_utils/networkloop.py", line 115, in network_retry_loop
    if not await do_action():
           ^^^^^^^^^^^^^^^^^
  File "/home/runner/workspace/.pythonlibs/lib/python3.11/site-packages/telegram/ext/_utils/networkloop.py", line 108, in do_action
    return action_cb_task.result()
           ^^^^^^^^^^^^^^^^^^^^^^^
  File "/home/runner/workspace/.pythonlibs/lib/python3.11/site-packages/telegram/ext/_updater.py", line 335, in polling_action_cb
    updates = await self.bot.get_updates(
              ^^^^^^^^^^^^^^^^^^^^^^^^^^^
  File "/home/runner/workspace/.pythonlibs/lib/python3.11/site-packages/telegram/ext/_extbot.py", line 658, in get_updates
    updates = await super().get_updates(
              ^^^^^^^^^^^^^^^^^^^^^^^^^^
  File "/home/runner/workspace/.pythonlibs/lib/python3.11/site-packages/telegram/_bot.py", line 4593, in get_updates
    await self._post(
  File "/home/runner/workspace/.pythonlibs/lib/python3.11/site-packages/telegram/_bot.py", line 691, in _post
    return await self._do_post(
           ^^^^^^^^^^^^^^^^^^^^
  File "/home/runner/workspace/.pythonlibs/lib/python3.11/site-packages/telegram/ext/_extbot.py", line 362, in _do_post
    return await super()._do_post(
           ^^^^^^^^^^^^^^^^^^^^^^^
  File "/home/runner/workspace/.pythonlibs/lib/python3.11/site-packages/telegram/_bot.py", line 720, in _do_post
    result = await request.post(
             ^^^^^^^^^^^^^^^^^^^
  File "/home/runner/workspace/.pythonlibs/lib/python3.11/site-packages/telegram/request/_baserequest.py", line 197, in post
    result = await self._request_wrapper(
             ^^^^^^^^^^^^^^^^^^^^^^^^^^^^
  File "/home/runner/workspace/.pythonlibs/lib/python3.11/site-packages/telegram/request/_baserequest.py", line 355, in _request_wrapper
    raise Conflict(message)
telegram.error.Conflict: Conflict: terminated by other getUpdates request; make sure that only one bot instance is running
2025-05-01 23:44:24,850 - httpx - INFO - HTTP Request: POST https://api.telegram.org/bot7888239708:AAHs2gwsr4DuEHRnhAUFP_izAFHW1HmiJ74/getUpdates "HTTP/1.1 409 Conflict"
2025-05-01 23:44:24,852 - telegram.ext.Updater - ERROR - Exception happened while polling for updates.
Traceback (most recent call last):
  File "/home/runner/workspace/.pythonlibs/lib/python3.11/site-packages/telegram/ext/_utils/networkloop.py", line 115, in network_retry_loop
    if not await do_action():
           ^^^^^^^^^^^^^^^^^
  File "/home/runner/workspace/.pythonlibs/lib/python3.11/site-packages/telegram/ext/_utils/networkloop.py", line 108, in do_action
    return action_cb_task.result()
           ^^^^^^^^^^^^^^^^^^^^^^^
  File "/home/runner/workspace/.pythonlibs/lib/python3.11/site-packages/telegram/ext/_updater.py", line 335, in polling_action_cb
    updates = await self.bot.get_updates(
              ^^^^^^^^^^^^^^^^^^^^^^^^^^^
  File "/home/runner/workspace/.pythonlibs/lib/python3.11/site-packages/telegram/ext/_extbot.py", line 658, in get_updates
    updates = await super().get_updates(
              ^^^^^^^^^^^^^^^^^^^^^^^^^^
  File "/home/runner/workspace/.pythonlibs/lib/python3.11/site-packages/telegram/_bot.py", line 4593, in get_updates
    await self._post(
  File "/home/runner/workspace/.pythonlibs/lib/python3.11/site-packages/telegram/_bot.py", line 691, in _post
    return await self._do_post(
           ^^^^^^^^^^^^^^^^^^^^
  File "/home/runner/workspace/.pythonlibs/lib/python3.11/site-packages/telegram/ext/_extbot.py", line 362, in _do_post
    return await super()._do_post(
           ^^^^^^^^^^^^^^^^^^^^^^^
  File "/home/runner/workspace/.pythonlibs/lib/python3.11/site-packages/telegram/_bot.py", line 720, in _do_post
    result = await request.post(
             ^^^^^^^^^^^^^^^^^^^
  File "/home/runner/workspace/.pythonlibs/lib/python3.11/site-packages/telegram/request/_baserequest.py", line 197, in post
    result = await self._request_wrapper(
             ^^^^^^^^^^^^^^^^^^^^^^^^^^^^
  File "/home/runner/workspace/.pythonlibs/lib/python3.11/site-packages/telegram/request/_baserequest.py", line 355, in _request_wrapper
    raise Conflict(message)
telegram.error.Conflict: Conflict: terminated by other getUpdates request; make sure that only one bot instance is running
2025-05-01 23:44:30,356 - httpx - INFO - HTTP Request: POST https://api.telegram.org/bot7888239708:AAHs2gwsr4DuEHRnhAUFP_izAFHW1HmiJ74/getUpdates "HTTP/1.1 409 Conflict"
2025-05-01 23:44:30,356 - telegram.ext.Updater - ERROR - Exception happened while polling for updates.
Traceback (most recent call last):
  File "/home/runner/workspace/.pythonlibs/lib/python3.11/site-packages/telegram/ext/_utils/networkloop.py", line 115, in network_retry_loop
    if not await do_action():
           ^^^^^^^^^^^^^^^^^
  File "/home/runner/workspace/.pythonlibs/lib/python3.11/site-packages/telegram/ext/_utils/networkloop.py", line 108, in do_action
    return action_cb_task.result()
           ^^^^^^^^^^^^^^^^^^^^^^^
  File "/home/runner/workspace/.pythonlibs/lib/python3.11/site-packages/telegram/ext/_updater.py", line 335, in polling_action_cb
    updates = await self.bot.get_updates(
              ^^^^^^^^^^^^^^^^^^^^^^^^^^^
  File "/home/runner/workspace/.pythonlibs/lib/python3.11/site-packages/telegram/ext/_extbot.py", line 658, in get_updates
    updates = await super().get_updates(
              ^^^^^^^^^^^^^^^^^^^^^^^^^^
  File "/home/runner/workspace/.pythonlibs/lib/python3.11/site-packages/telegram/_bot.py", line 4593, in get_updates
    await self._post(
  File "/home/runner/workspace/.pythonlibs/lib/python3.11/site-packages/telegram/_bot.py", line 691, in _post
    return await self._do_post(
           ^^^^^^^^^^^^^^^^^^^^
  File "/home/runner/workspace/.pythonlibs/lib/python3.11/site-packages/telegram/ext/_extbot.py", line 362, in _do_post
    return await super()._do_post(
           ^^^^^^^^^^^^^^^^^^^^^^^
  File "/home/runner/workspace/.pythonlibs/lib/python3.11/site-packages/telegram/_bot.py", line 720, in _do_post
    result = await request.post(
             ^^^^^^^^^^^^^^^^^^^
  File "/home/runner/workspace/.pythonlibs/lib/python3.11/site-packages/telegram/request/_baserequest.py", line 197, in post
    result = await self._request_wrapper(
             ^^^^^^^^^^^^^^^^^^^^^^^^^^^^
  File "/home/runner/workspace/.pythonlibs/lib/python3.11/site-packages/telegram/request/_baserequest.py", line 355, in _request_wrapper
    raise Conflict(message)
telegram.error.Conflict: Conflict: terminated by other getUpdates request; make sure that only one bot instance is running
2025-05-01 23:44:33,883 - httpx - INFO - HTTP Request: POST https://api.telegram.org/bot7888239708:AAHs2gwsr4DuEHRnhAUFP_izAFHW1HmiJ74/getUpdates "HTTP/1.1 409 Conflict"
2025-05-01 23:44:33,884 - telegram.ext.Updater - ERROR - Exception happened while polling for updates.
Traceback (most recent call last):
  File "/home/runner/workspace/.pythonlibs/lib/python3.11/site-packages/telegram/ext/_utils/networkloop.py", line 115, in network_retry_loop
    if not await do_action():
           ^^^^^^^^^^^^^^^^^
  File "/home/runner/workspace/.pythonlibs/lib/python3.11/site-packages/telegram/ext/_utils/networkloop.py", line 108, in do_action
    return action_cb_task.result()
           ^^^^^^^^^^^^^^^^^^^^^^^
  File "/home/runner/workspace/.pythonlibs/lib/python3.11/site-packages/telegram/ext/_updater.py", line 335, in polling_action_cb
    updates = await self.bot.get_updates(
              ^^^^^^^^^^^^^^^^^^^^^^^^^^^
  File "/home/runner/workspace/.pythonlibs/lib/python3.11/site-packages/telegram/ext/_extbot.py", line 658, in get_updates
    updates = await super().get_updates(
              ^^^^^^^^^^^^^^^^^^^^^^^^^^
  File "/home/runner/workspace/.pythonlibs/lib/python3.11/site-packages/telegram/_bot.py", line 4593, in get_updates
    await self._post(
  File "/home/runner/workspace/.pythonlibs/lib/python3.11/site-packages/telegram/_bot.py", line 691, in _post
    return await self._do_post(
           ^^^^^^^^^^^^^^^^^^^^
  File "/home/runner/workspace/.pythonlibs/lib/python3.11/site-packages/telegram/ext/_extbot.py", line 362, in _do_post
    return await super()._do_post(
           ^^^^^^^^^^^^^^^^^^^^^^^
  File "/home/runner/workspace/.pythonlibs/lib/python3.11/site-packages/telegram/_bot.py", line 720, in _do_post
    result = await request.post(
             ^^^^^^^^^^^^^^^^^^^
  File "/home/runner/workspace/.pythonlibs/lib/python3.11/site-packages/telegram/request/_baserequest.py", line 197, in post
    result = await self._request_wrapper(
             ^^^^^^^^^^^^^^^^^^^^^^^^^^^^
  File "/home/runner/workspace/.pythonlibs/lib/python3.11/site-packages/telegram/request/_baserequest.py", line 355, in _request_wrapper
    raise Conflict(message)
telegram.error.Conflict: Conflict: terminated by other getUpdates request; make sure that only one bot instance is running
2025-05-01 23:44:41,925 - httpx - INFO - HTTP Request: POST https://api.telegram.org/bot7888239708:AAHs2gwsr4DuEHRnhAUFP_izAFHW1HmiJ74/getUpdates "HTTP/1.1 409 Conflict"
2025-05-01 23:44:41,926 - telegram.ext.Updater - ERROR - Exception happened while polling for updates.
Traceback (most recent call last):
  File "/home/runner/workspace/.pythonlibs/lib/python3.11/site-packages/telegram/ext/_utils/networkloop.py", line 115, in network_retry_loop
    if not await do_action():
           ^^^^^^^^^^^^^^^^^
  File "/home/runner/workspace/.pythonlibs/lib/python3.11/site-packages/telegram/ext/_utils/networkloop.py", line 108, in do_action
    return action_cb_task.result()
           ^^^^^^^^^^^^^^^^^^^^^^^
  File "/home/runner/workspace/.pythonlibs/lib/python3.11/site-packages/telegram/ext/_updater.py", line 335, in polling_action_cb
    updates = await self.bot.get_updates(
              ^^^^^^^^^^^^^^^^^^^^^^^^^^^
  File "/home/runner/workspace/.pythonlibs/lib/python3.11/site-packages/telegram/ext/_extbot.py", line 658, in get_updates
    updates = await super().get_updates(
              ^^^^^^^^^^^^^^^^^^^^^^^^^^
  File "/home/runner/workspace/.pythonlibs/lib/python3.11/site-packages/telegram/_bot.py", line 4593, in get_updates
    await self._post(
  File "/home/runner/workspace/.pythonlibs/lib/python3.11/site-packages/telegram/_bot.py", line 691, in _post
    return await self._do_post(
           ^^^^^^^^^^^^^^^^^^^^
  File "/home/runner/workspace/.pythonlibs/lib/python3.11/site-packages/telegram/ext/_extbot.py", line 362, in _do_post
    return await super()._do_post(
           ^^^^^^^^^^^^^^^^^^^^^^^
  File "/home/runner/workspace/.pythonlibs/lib/python3.11/site-packages/telegram/_bot.py", line 720, in _do_post
    result = await request.post(
             ^^^^^^^^^^^^^^^^^^^
  File "/home/runner/workspace/.pythonlibs/lib/python3.11/site-packages/telegram/request/_baserequest.py", line 197, in post
    result = await self._request_wrapper(
             ^^^^^^^^^^^^^^^^^^^^^^^^^^^^
  File "/home/runner/workspace/.pythonlibs/lib/python3.11/site-packages/telegram/request/_baserequest.py", line 355, in _request_wrapper
    raise Conflict(message)
telegram.error.Conflict: Conflict: terminated by other getUpdates request; make sure that only one bot instance is running
2025-05-01 23:44:43,387 - root - INFO - Telegram-X integration bot logger initialized
2025-05-01 23:44:43,760 - root - INFO - Telegram-X integration bot logger initialized
2025-05-01 23:44:43,763 - root - INFO - Initializing Telegram-X integration bot...
2025-05-01 23:44:43,764 - twitter_handler - INFO - Twitter API client initialized successfully
2025-05-01 23:44:43,764 - root - INFO - Initializing Telegram-X integration bot...
2025-05-01 23:44:43,764 - root - INFO - Starting Telegram-X Integration Bot...
2025-05-01 23:44:43,765 - twitter_handler - INFO - Twitter API client initialized successfully
2025-05-01 23:44:43,766 - root - INFO - Starting Telegram-X Integration Bot...
2025-05-01 23:44:43,816 - telegram_handler - INFO - Telegram bot handlers set up successfully
2025-05-01 23:44:43,816 - telegram_handler - INFO - Starting Telegram bot...
2025-05-01 23:44:43,826 - telegram_handler - INFO - Telegram bot handlers set up successfully
2025-05-01 23:44:43,827 - telegram_handler - INFO - Starting Telegram bot...
2025-05-01 23:44:44,260 - httpx - INFO - HTTP Request: POST https://api.telegram.org/bot7888239708:AAHs2gwsr4DuEHRnhAUFP_izAFHW1HmiJ74/getMe "HTTP/1.1 200 OK"
2025-05-01 23:44:44,261 - telegram.ext.Application - INFO - Application started
2025-05-01 23:44:44,267 - httpx - INFO - HTTP Request: POST https://api.telegram.org/bot7888239708:AAHs2gwsr4DuEHRnhAUFP_izAFHW1HmiJ74/getMe "HTTP/1.1 200 OK"
2025-05-01 23:44:44,268 - telegram.ext.Application - INFO - Application started
2025-05-01 23:44:44,404 - httpx - INFO - HTTP Request: POST https://api.telegram.org/bot7888239708:AAHs2gwsr4DuEHRnhAUFP_izAFHW1HmiJ74/deleteWebhook "HTTP/1.1 200 OK"
2025-05-01 23:44:44,405 - telegram_handler - INFO - Telegram bot started successfully
2025-05-01 23:44:44,405 - root - INFO - Bot is now running...
2025-05-01 23:44:44,413 - httpx - INFO - HTTP Request: POST https://api.telegram.org/bot7888239708:AAHs2gwsr4DuEHRnhAUFP_izAFHW1HmiJ74/deleteWebhook "HTTP/1.1 200 OK"
2025-05-01 23:44:44,414 - telegram_handler - INFO - Telegram bot started successfully
2025-05-01 23:44:44,414 - root - INFO - Bot is now running...
2025-05-01 23:44:47,844 - httpx - INFO - HTTP Request: POST https://api.telegram.org/bot7888239708:AAHs2gwsr4DuEHRnhAUFP_izAFHW1HmiJ74/getUpdates "HTTP/1.1 409 Conflict"
2025-05-01 23:44:47,845 - telegram.ext.Updater - ERROR - Exception happened while polling for updates.
Traceback (most recent call last):
  File "/home/runner/workspace/.pythonlibs/lib/python3.11/site-packages/telegram/ext/_utils/networkloop.py", line 115, in network_retry_loop
    if not await do_action():
           ^^^^^^^^^^^^^^^^^
  File "/home/runner/workspace/.pythonlibs/lib/python3.11/site-packages/telegram/ext/_utils/networkloop.py", line 108, in do_action
    return action_cb_task.result()
           ^^^^^^^^^^^^^^^^^^^^^^^
  File "/home/runner/workspace/.pythonlibs/lib/python3.11/site-packages/telegram/ext/_updater.py", line 335, in polling_action_cb
    updates = await self.bot.get_updates(
              ^^^^^^^^^^^^^^^^^^^^^^^^^^^
  File "/home/runner/workspace/.pythonlibs/lib/python3.11/site-packages/telegram/ext/_extbot.py", line 658, in get_updates
    updates = await super().get_updates(
              ^^^^^^^^^^^^^^^^^^^^^^^^^^
  File "/home/runner/workspace/.pythonlibs/lib/python3.11/site-packages/telegram/_bot.py", line 4593, in get_updates
    await self._post(
  File "/home/runner/workspace/.pythonlibs/lib/python3.11/site-packages/telegram/_bot.py", line 691, in _post
    return await self._do_post(
           ^^^^^^^^^^^^^^^^^^^^
  File "/home/runner/workspace/.pythonlibs/lib/python3.11/site-packages/telegram/ext/_extbot.py", line 362, in _do_post
    return await super()._do_post(
           ^^^^^^^^^^^^^^^^^^^^^^^
  File "/home/runner/workspace/.pythonlibs/lib/python3.11/site-packages/telegram/_bot.py", line 720, in _do_post
    result = await request.post(
             ^^^^^^^^^^^^^^^^^^^
  File "/home/runner/workspace/.pythonlibs/lib/python3.11/site-packages/telegram/request/_baserequest.py", line 197, in post
    result = await self._request_wrapper(
             ^^^^^^^^^^^^^^^^^^^^^^^^^^^^
  File "/home/runner/workspace/.pythonlibs/lib/python3.11/site-packages/telegram/request/_baserequest.py", line 355, in _request_wrapper
    raise Conflict(message)
telegram.error.Conflict: Conflict: terminated by other getUpdates request; make sure that only one bot instance is running
2025-05-01 23:44:48,995 - httpx - INFO - HTTP Request: POST https://api.telegram.org/bot7888239708:AAHs2gwsr4DuEHRnhAUFP_izAFHW1HmiJ74/getUpdates "HTTP/1.1 409 Conflict"
2025-05-01 23:44:48,996 - telegram.ext.Updater - ERROR - Exception happened while polling for updates.
Traceback (most recent call last):
  File "/home/runner/workspace/.pythonlibs/lib/python3.11/site-packages/telegram/ext/_utils/networkloop.py", line 115, in network_retry_loop
    if not await do_action():
           ^^^^^^^^^^^^^^^^^
  File "/home/runner/workspace/.pythonlibs/lib/python3.11/site-packages/telegram/ext/_utils/networkloop.py", line 108, in do_action
    return action_cb_task.result()
           ^^^^^^^^^^^^^^^^^^^^^^^
  File "/home/runner/workspace/.pythonlibs/lib/python3.11/site-packages/telegram/ext/_updater.py", line 335, in polling_action_cb
    updates = await self.bot.get_updates(
              ^^^^^^^^^^^^^^^^^^^^^^^^^^^
  File "/home/runner/workspace/.pythonlibs/lib/python3.11/site-packages/telegram/ext/_extbot.py", line 658, in get_updates
    updates = await super().get_updates(
              ^^^^^^^^^^^^^^^^^^^^^^^^^^
  File "/home/runner/workspace/.pythonlibs/lib/python3.11/site-packages/telegram/_bot.py", line 4593, in get_updates
    await self._post(
  File "/home/runner/workspace/.pythonlibs/lib/python3.11/site-packages/telegram/_bot.py", line 691, in _post
    return await self._do_post(
           ^^^^^^^^^^^^^^^^^^^^
  File "/home/runner/workspace/.pythonlibs/lib/python3.11/site-packages/telegram/ext/_extbot.py", line 362, in _do_post
    return await super()._do_post(
           ^^^^^^^^^^^^^^^^^^^^^^^
  File "/home/runner/workspace/.pythonlibs/lib/python3.11/site-packages/telegram/_bot.py", line 720, in _do_post
    result = await request.post(
             ^^^^^^^^^^^^^^^^^^^
  File "/home/runner/workspace/.pythonlibs/lib/python3.11/site-packages/telegram/request/_baserequest.py", line 197, in post
    result = await self._request_wrapper(
             ^^^^^^^^^^^^^^^^^^^^^^^^^^^^
  File "/home/runner/workspace/.pythonlibs/lib/python3.11/site-packages/telegram/request/_baserequest.py", line 355, in _request_wrapper
    raise Conflict(message)
telegram.error.Conflict: Conflict: terminated by other getUpdates request; make sure that only one bot instance is running
2025-05-01 23:44:53,143 - httpx - INFO - HTTP Request: POST https://api.telegram.org/bot7888239708:AAHs2gwsr4DuEHRnhAUFP_izAFHW1HmiJ74/getUpdates "HTTP/1.1 409 Conflict"
2025-05-01 23:44:53,144 - telegram.ext.Updater - ERROR - Exception happened while polling for updates.
Traceback (most recent call last):
  File "/home/runner/workspace/.pythonlibs/lib/python3.11/site-packages/telegram/ext/_utils/networkloop.py", line 115, in network_retry_loop
    if not await do_action():
           ^^^^^^^^^^^^^^^^^
  File "/home/runner/workspace/.pythonlibs/lib/python3.11/site-packages/telegram/ext/_utils/networkloop.py", line 108, in do_action
    return action_cb_task.result()
           ^^^^^^^^^^^^^^^^^^^^^^^
  File "/home/runner/workspace/.pythonlibs/lib/python3.11/site-packages/telegram/ext/_updater.py", line 335, in polling_action_cb
    updates = await self.bot.get_updates(
              ^^^^^^^^^^^^^^^^^^^^^^^^^^^
  File "/home/runner/workspace/.pythonlibs/lib/python3.11/site-packages/telegram/ext/_extbot.py", line 658, in get_updates
    updates = await super().get_updates(
              ^^^^^^^^^^^^^^^^^^^^^^^^^^
  File "/home/runner/workspace/.pythonlibs/lib/python3.11/site-packages/telegram/_bot.py", line 4593, in get_updates
    await self._post(
  File "/home/runner/workspace/.pythonlibs/lib/python3.11/site-packages/telegram/_bot.py", line 691, in _post
    return await self._do_post(
           ^^^^^^^^^^^^^^^^^^^^
  File "/home/runner/workspace/.pythonlibs/lib/python3.11/site-packages/telegram/ext/_extbot.py", line 362, in _do_post
    return await super()._do_post(
           ^^^^^^^^^^^^^^^^^^^^^^^
  File "/home/runner/workspace/.pythonlibs/lib/python3.11/site-packages/telegram/_bot.py", line 720, in _do_post
    result = await request.post(
             ^^^^^^^^^^^^^^^^^^^
  File "/home/runner/workspace/.pythonlibs/lib/python3.11/site-packages/telegram/request/_baserequest.py", line 197, in post
    result = await self._request_wrapper(
             ^^^^^^^^^^^^^^^^^^^^^^^^^^^^
  File "/home/runner/workspace/.pythonlibs/lib/python3.11/site-packages/telegram/request/_baserequest.py", line 355, in _request_wrapper
    raise Conflict(message)
telegram.error.Conflict: Conflict: terminated by other getUpdates request; make sure that only one bot instance is running
2025-05-01 23:44:54,790 - httpx - INFO - HTTP Request: POST https://api.telegram.org/bot7888239708:AAHs2gwsr4DuEHRnhAUFP_izAFHW1HmiJ74/getUpdates "HTTP/1.1 409 Conflict"
2025-05-01 23:44:54,791 - telegram.ext.Updater - ERROR - Exception happened while polling for updates.
Traceback (most recent call last):
  File "/home/runner/workspace/.pythonlibs/lib/python3.11/site-packages/telegram/ext/_utils/networkloop.py", line 115, in network_retry_loop
    if not await do_action():
           ^^^^^^^^^^^^^^^^^
  File "/home/runner/workspace/.pythonlibs/lib/python3.11/site-packages/telegram/ext/_utils/networkloop.py", line 108, in do_action
    return action_cb_task.result()
           ^^^^^^^^^^^^^^^^^^^^^^^
  File "/home/runner/workspace/.pythonlibs/lib/python3.11/site-packages/telegram/ext/_updater.py", line 335, in polling_action_cb
    updates = await self.bot.get_updates(
              ^^^^^^^^^^^^^^^^^^^^^^^^^^^
  File "/home/runner/workspace/.pythonlibs/lib/python3.11/site-packages/telegram/ext/_extbot.py", line 658, in get_updates
    updates = await super().get_updates(
              ^^^^^^^^^^^^^^^^^^^^^^^^^^
  File "/home/runner/workspace/.pythonlibs/lib/python3.11/site-packages/telegram/_bot.py", line 4593, in get_updates
    await self._post(
  File "/home/runner/workspace/.pythonlibs/lib/python3.11/site-packages/telegram/_bot.py", line 691, in _post
    return await self._do_post(
           ^^^^^^^^^^^^^^^^^^^^
  File "/home/runner/workspace/.pythonlibs/lib/python3.11/site-packages/telegram/ext/_extbot.py", line 362, in _do_post
    return await super()._do_post(
           ^^^^^^^^^^^^^^^^^^^^^^^
  File "/home/runner/workspace/.pythonlibs/lib/python3.11/site-packages/telegram/_bot.py", line 720, in _do_post
    result = await request.post(
             ^^^^^^^^^^^^^^^^^^^
  File "/home/runner/workspace/.pythonlibs/lib/python3.11/site-packages/telegram/request/_baserequest.py", line 197, in post
    result = await self._request_wrapper(
             ^^^^^^^^^^^^^^^^^^^^^^^^^^^^
  File "/home/runner/workspace/.pythonlibs/lib/python3.11/site-packages/telegram/request/_baserequest.py", line 355, in _request_wrapper
    raise Conflict(message)
telegram.error.Conflict: Conflict: terminated by other getUpdates request; make sure that only one bot instance is running
2025-05-01 23:44:59,438 - httpx - INFO - HTTP Request: POST https://api.telegram.org/bot7888239708:AAHs2gwsr4DuEHRnhAUFP_izAFHW1HmiJ74/getUpdates "HTTP/1.1 409 Conflict"
2025-05-01 23:44:59,438 - telegram.ext.Updater - ERROR - Exception happened while polling for updates.
Traceback (most recent call last):
  File "/home/runner/workspace/.pythonlibs/lib/python3.11/site-packages/telegram/ext/_utils/networkloop.py", line 115, in network_retry_loop
    if not await do_action():
           ^^^^^^^^^^^^^^^^^
  File "/home/runner/workspace/.pythonlibs/lib/python3.11/site-packages/telegram/ext/_utils/networkloop.py", line 108, in do_action
    return action_cb_task.result()
           ^^^^^^^^^^^^^^^^^^^^^^^
  File "/home/runner/workspace/.pythonlibs/lib/python3.11/site-packages/telegram/ext/_updater.py", line 335, in polling_action_cb
    updates = await self.bot.get_updates(
              ^^^^^^^^^^^^^^^^^^^^^^^^^^^
  File "/home/runner/workspace/.pythonlibs/lib/python3.11/site-packages/telegram/ext/_extbot.py", line 658, in get_updates
    updates = await super().get_updates(
              ^^^^^^^^^^^^^^^^^^^^^^^^^^
  File "/home/runner/workspace/.pythonlibs/lib/python3.11/site-packages/telegram/_bot.py", line 4593, in get_updates
    await self._post(
  File "/home/runner/workspace/.pythonlibs/lib/python3.11/site-packages/telegram/_bot.py", line 691, in _post
    return await self._do_post(
           ^^^^^^^^^^^^^^^^^^^^
  File "/home/runner/workspace/.pythonlibs/lib/python3.11/site-packages/telegram/ext/_extbot.py", line 362, in _do_post
    return await super()._do_post(
           ^^^^^^^^^^^^^^^^^^^^^^^
  File "/home/runner/workspace/.pythonlibs/lib/python3.11/site-packages/telegram/_bot.py", line 720, in _do_post
    result = await request.post(
             ^^^^^^^^^^^^^^^^^^^
  File "/home/runner/workspace/.pythonlibs/lib/python3.11/site-packages/telegram/request/_baserequest.py", line 197, in post
    result = await self._request_wrapper(
             ^^^^^^^^^^^^^^^^^^^^^^^^^^^^
  File "/home/runner/workspace/.pythonlibs/lib/python3.11/site-packages/telegram/request/_baserequest.py", line 355, in _request_wrapper
    raise Conflict(message)
telegram.error.Conflict: Conflict: terminated by other getUpdates request; make sure that only one bot instance is running
2025-05-01 23:45:01,835 - httpx - INFO - HTTP Request: POST https://api.telegram.org/bot7888239708:AAHs2gwsr4DuEHRnhAUFP_izAFHW1HmiJ74/getUpdates "HTTP/1.1 409 Conflict"
2025-05-01 23:45:01,836 - telegram.ext.Updater - ERROR - Exception happened while polling for updates.
Traceback (most recent call last):
  File "/home/runner/workspace/.pythonlibs/lib/python3.11/site-packages/telegram/ext/_utils/networkloop.py", line 115, in network_retry_loop
    if not await do_action():
           ^^^^^^^^^^^^^^^^^
  File "/home/runner/workspace/.pythonlibs/lib/python3.11/site-packages/telegram/ext/_utils/networkloop.py", line 108, in do_action
    return action_cb_task.result()
           ^^^^^^^^^^^^^^^^^^^^^^^
  File "/home/runner/workspace/.pythonlibs/lib/python3.11/site-packages/telegram/ext/_updater.py", line 335, in polling_action_cb
    updates = await self.bot.get_updates(
              ^^^^^^^^^^^^^^^^^^^^^^^^^^^
  File "/home/runner/workspace/.pythonlibs/lib/python3.11/site-packages/telegram/ext/_extbot.py", line 658, in get_updates
    updates = await super().get_updates(
              ^^^^^^^^^^^^^^^^^^^^^^^^^^
  File "/home/runner/workspace/.pythonlibs/lib/python3.11/site-packages/telegram/_bot.py", line 4593, in get_updates
    await self._post(
  File "/home/runner/workspace/.pythonlibs/lib/python3.11/site-packages/telegram/_bot.py", line 691, in _post
    return await self._do_post(
           ^^^^^^^^^^^^^^^^^^^^
  File "/home/runner/workspace/.pythonlibs/lib/python3.11/site-packages/telegram/ext/_extbot.py", line 362, in _do_post
    return await super()._do_post(
           ^^^^^^^^^^^^^^^^^^^^^^^
  File "/home/runner/workspace/.pythonlibs/lib/python3.11/site-packages/telegram/_bot.py", line 720, in _do_post
    result = await request.post(
             ^^^^^^^^^^^^^^^^^^^
  File "/home/runner/workspace/.pythonlibs/lib/python3.11/site-packages/telegram/request/_baserequest.py", line 197, in post
    result = await self._request_wrapper(
             ^^^^^^^^^^^^^^^^^^^^^^^^^^^^
  File "/home/runner/workspace/.pythonlibs/lib/python3.11/site-packages/telegram/request/_baserequest.py", line 355, in _request_wrapper
    raise Conflict(message)
telegram.error.Conflict: Conflict: terminated by other getUpdates request; make sure that only one bot instance is running
2025-05-01 23:45:50,522 - root - INFO - Telegram-X integration bot logger initialized
2025-05-01 23:46:09,252 - root - INFO - Telegram-X integration bot logger initialized
2025-05-01 23:46:35,213 - root - INFO - Telegram-X integration bot logger initialized
2025-05-01 23:46:35,216 - root - INFO - Running Flask app only - bot should be started from the run_telegram_twitter_bot workflow
2025-05-01 23:47:04,682 - root - INFO - Telegram-X integration bot logger initialized
2025-05-01 23:47:05,536 - root - INFO - Telegram-X integration bot logger initialized
2025-05-01 23:47:05,542 - root - INFO - Running Flask app only - bot should be started from the run_telegram_twitter_bot workflow
2025-05-01 23:47:37,804 - root - INFO - Telegram-X integration bot logger initialized
2025-05-01 23:47:37,806 - root - INFO - Initializing Telegram-X integration bot...
2025-05-01 23:47:37,807 - twitter_handler - INFO - Twitter API client initialized successfully
2025-05-01 23:47:37,807 - root - INFO - Starting Telegram-X Integration Bot...
2025-05-01 23:47:37,921 - telegram_handler - INFO - Telegram bot handlers set up successfully
2025-05-01 23:47:37,922 - telegram_handler - INFO - Starting Telegram bot...
2025-05-01 23:47:38,374 - httpx - INFO - HTTP Request: POST https://api.telegram.org/bot7888239708:AAHs2gwsr4DuEHRnhAUFP_izAFHW1HmiJ74/getMe "HTTP/1.1 200 OK"
2025-05-01 23:47:38,377 - telegram.ext.Application - INFO - Application started
2025-05-01 23:47:38,534 - httpx - INFO - HTTP Request: POST https://api.telegram.org/bot7888239708:AAHs2gwsr4DuEHRnhAUFP_izAFHW1HmiJ74/deleteWebhook "HTTP/1.1 200 OK"
2025-05-01 23:47:38,540 - telegram_handler - INFO - Telegram bot started successfully
2025-05-01 23:47:38,542 - root - INFO - Bot is now running...
2025-05-01 23:47:40,734 - httpx - INFO - HTTP Request: POST https://api.telegram.org/bot7888239708:AAHs2gwsr4DuEHRnhAUFP_izAFHW1HmiJ74/getUpdates "HTTP/1.1 200 OK"
2025-05-01 23:47:41,066 - httpx - INFO - HTTP Request: POST https://api.telegram.org/bot7888239708:AAHs2gwsr4DuEHRnhAUFP_izAFHW1HmiJ74/sendMessage "HTTP/1.1 200 OK"
2025-05-01 23:47:46,208 - httpx - INFO - HTTP Request: POST https://api.telegram.org/bot7888239708:AAHs2gwsr4DuEHRnhAUFP_izAFHW1HmiJ74/getUpdates "HTTP/1.1 200 OK"
2025-05-01 23:47:46,831 - httpx - INFO - HTTP Request: POST https://api.telegram.org/bot7888239708:AAHs2gwsr4DuEHRnhAUFP_izAFHW1HmiJ74/sendMessage "HTTP/1.1 200 OK"
2025-05-01 23:48:12,373 - root - INFO - Telegram-X integration bot logger initialized
2025-05-01 23:48:31,654 - root - INFO - Telegram-X integration bot logger initialized
2025-05-01 23:48:44,871 - root - INFO - Telegram-X integration bot logger initialized
2025-05-01 23:49:14,435 - root - INFO - Telegram-X integration bot logger initialized
2025-05-01 23:49:14,438 - root - INFO - Running Flask app only - bot should be started from the run_telegram_twitter_bot workflow
2025-05-01 23:49:34,662 - root - INFO - Telegram-X integration bot logger initialized
2025-05-01 23:49:35,220 - root - INFO - Telegram-X integration bot logger initialized
2025-05-01 23:49:35,224 - root - INFO - Running Flask app only - bot should be started from the run_telegram_twitter_bot workflow
2025-05-01 23:49:54,867 - root - INFO - Telegram-X integration bot logger initialized
2025-05-01 23:49:59,584 - root - INFO - Telegram-X integration bot logger initialized
2025-05-01 23:50:04,772 - root - INFO - Telegram-X integration bot logger initialized
2025-05-01 23:50:04,941 - root - INFO - Running Flask app only - bot should be started from the run_telegram_twitter_bot workflow
2025-05-01 23:50:48,167 - root - INFO - Telegram-X integration bot logger initialized
2025-05-01 23:51:00,459 - root - INFO - Telegram-X integration bot logger initialized
2025-05-01 23:51:00,880 - root - INFO - Telegram-X integration bot logger initialized
2025-05-01 23:51:01,087 - root - INFO - Running Flask app only - bot should be started from the run_telegram_twitter_bot workflow
2025-05-01 23:51:41,042 - root - INFO - Telegram-X integration bot logger initialized
2025-05-01 23:51:52,486 - root - INFO - Telegram-X integration bot logger initialized
2025-05-01 23:52:09,247 - root - INFO - Telegram-X integration bot logger initialized
2025-05-01 23:52:09,431 - root - INFO - Running Flask app only - bot should be started from the run_telegram_twitter_bot workflow
2025-05-01 23:52:46,907 - root - INFO - Telegram-X integration bot logger initialized
2025-05-01 23:52:47,087 - root - INFO - Running Flask app only - bot should be started from the run_telegram_twitter_bot workflow
2025-05-01 23:52:53,307 - root - INFO - Telegram-X integration bot logger initialized
2025-05-01 23:52:53,709 - root - INFO - Telegram-X integration bot logger initialized
2025-05-01 23:52:53,882 - root - INFO - Running Flask app only - bot should be started from the run_telegram_twitter_bot workflow
2025-05-01 23:57:50,328 - root - INFO - Telegram-X integration bot logger initialized
2025-05-01 23:57:50,562 - root - INFO - Running Flask app only - bot should be started from the run_telegram_twitter_bot workflow
2025-05-01 23:58:33,880 - root - INFO - Telegram-X integration bot logger initialized
2025-05-01 23:58:34,082 - root - INFO - Running Flask app only - bot should be started from the run_telegram_twitter_bot workflow
2025-05-01 23:58:45,351 - root - INFO - Telegram-X integration bot logger initialized
2025-05-01 23:58:45,748 - root - INFO - Telegram-X integration bot logger initialized
2025-05-01 23:58:45,939 - root - INFO - Running Flask app only - bot should be started from the run_telegram_twitter_bot workflow
2025-05-01 23:59:41,005 - root - INFO - Telegram-X integration bot logger initialized
2025-05-02 00:01:07,766 - root - INFO - Telegram-X integration bot logger initialized
2025-05-02 00:01:12,865 - root - INFO - Telegram-X integration bot logger initialized
2025-05-02 00:01:13,038 - root - INFO - Port 5000 is already in use. Starting bot-only mode...
2025-05-02 00:01:13,040 - root - INFO - Telegram-X integration bot logger initialized
2025-05-02 00:01:13,040 - root - INFO - Telegram-X integration bot logger initialized
2025-05-02 00:01:19,593 - root - INFO - Telegram-X integration bot logger initialized
2025-05-02 00:01:20,039 - root - INFO - Telegram-X integration bot logger initialized
2025-05-02 00:01:20,233 - root - INFO - Port 5000 is already in use. Starting bot-only mode...
2025-05-02 00:01:20,233 - root - INFO - Telegram-X integration bot logger initialized
2025-05-02 00:01:20,233 - root - INFO - Telegram-X integration bot logger initialized
2025-05-02 00:02:30,348 - root - INFO - Telegram-X integration bot logger initialized
2025-05-02 00:02:41,846 - root - INFO - Telegram-X integration bot logger initialized
2025-05-02 00:02:51,312 - root - INFO - Telegram-X integration bot logger initialized
2025-05-02 00:02:59,670 - root - INFO - Telegram-X integration bot logger initialized
2025-05-02 00:02:59,847 - root - INFO - Port 5000 is already in use. Starting bot-only mode...
2025-05-02 00:02:59,850 - root - INFO - Telegram-X integration bot logger initialized
2025-05-02 00:02:59,850 - root - INFO - Telegram-X integration bot logger initialized
2025-05-02 00:05:17,925 - root - INFO - Telegram-X integration bot logger initialized
2025-05-02 00:05:18,128 - root - INFO - Port 5000 is already in use. Starting bot-only mode...
2025-05-02 00:05:18,130 - root - INFO - Telegram-X integration bot logger initialized
2025-05-02 00:05:18,130 - root - INFO - Telegram-X integration bot logger initialized
2025-05-02 00:05:55,257 - root - INFO - Telegram-X integration bot logger initialized
2025-05-02 00:05:55,259 - root - INFO - Telegram-X integration bot logger initialized
2025-05-02 00:05:55,259 - root - INFO - Telegram-X integration bot logger initialized
2025-05-02 00:05:55,260 - root - INFO - Starting Telegram test script...
2025-05-02 00:05:55,260 - root - INFO - Starting Telegram test script...
2025-05-02 00:05:55,261 - root - INFO - Token is available (length: 46)
2025-05-02 00:05:55,261 - root - INFO - Token is available (length: 46)
2025-05-02 00:05:55,264 - root - INFO - Creating Application...
2025-05-02 00:05:55,264 - root - INFO - Creating Application...
2025-05-02 00:05:55,436 - root - INFO - Adding command handler...
2025-05-02 00:05:55,436 - root - INFO - Adding command handler...
2025-05-02 00:05:55,442 - root - INFO - Starting bot...
2025-05-02 00:05:55,442 - root - INFO - Starting bot...
2025-05-02 00:05:55,446 - root - ERROR - Error: Cannot close a running event loop
Traceback (most recent call last):
  File "/home/runner/workspace/.pythonlibs/lib/python3.11/site-packages/telegram/ext/_application.py", line 1042, in __run
    loop.run_until_complete(self._bootstrap_initialize(max_retries=bootstrap_retries))
  File "/nix/store/clx0mcir7qw8zk36zbr4jra789g3knf6-python3-3.11.10/lib/python3.11/asyncio/base_events.py", line 630, in run_until_complete
    self._check_running()
  File "/nix/store/clx0mcir7qw8zk36zbr4jra789g3knf6-python3-3.11.10/lib/python3.11/asyncio/base_events.py", line 589, in _check_running
    raise RuntimeError('This event loop is already running')
RuntimeError: This event loop is already running

During handling of the above exception, another exception occurred:

Traceback (most recent call last):
  File "/home/runner/workspace/.pythonlibs/lib/python3.11/site-packages/telegram/ext/_application.py", line 1067, in __run
    loop.run_until_complete(self.shutdown())
  File "/nix/store/clx0mcir7qw8zk36zbr4jra789g3knf6-python3-3.11.10/lib/python3.11/asyncio/base_events.py", line 630, in run_until_complete
    self._check_running()
  File "/nix/store/clx0mcir7qw8zk36zbr4jra789g3knf6-python3-3.11.10/lib/python3.11/asyncio/base_events.py", line 589, in _check_running
    raise RuntimeError('This event loop is already running')
RuntimeError: This event loop is already running

During handling of the above exception, another exception occurred:

Traceback (most recent call last):
  File "/home/runner/workspace/telegram_test.py", line 43, in main
    await application.run_polling(allowed_updates=Update.ALL_TYPES)
          ^^^^^^^^^^^^^^^^^^^^^^^^^^^^^^^^^^^^^^^^^^^^^^^^^^^^^^^^^
  File "/home/runner/workspace/.pythonlibs/lib/python3.11/site-packages/telegram/ext/_application.py", line 832, in run_polling
    return self.__run(
           ^^^^^^^^^^^
  File "/home/runner/workspace/.pythonlibs/lib/python3.11/site-packages/telegram/ext/_application.py", line 1072, in __run
    loop.close()
  File "/nix/store/clx0mcir7qw8zk36zbr4jra789g3knf6-python3-3.11.10/lib/python3.11/asyncio/unix_events.py", line 68, in close
    super().close()
  File "/nix/store/clx0mcir7qw8zk36zbr4jra789g3knf6-python3-3.11.10/lib/python3.11/asyncio/selector_events.py", line 88, in close
    raise RuntimeError("Cannot close a running event loop")
RuntimeError: Cannot close a running event loop
2025-05-02 00:05:55,446 - root - ERROR - Error: Cannot close a running event loop
Traceback (most recent call last):
  File "/home/runner/workspace/.pythonlibs/lib/python3.11/site-packages/telegram/ext/_application.py", line 1042, in __run
    loop.run_until_complete(self._bootstrap_initialize(max_retries=bootstrap_retries))
  File "/nix/store/clx0mcir7qw8zk36zbr4jra789g3knf6-python3-3.11.10/lib/python3.11/asyncio/base_events.py", line 630, in run_until_complete
    self._check_running()
  File "/nix/store/clx0mcir7qw8zk36zbr4jra789g3knf6-python3-3.11.10/lib/python3.11/asyncio/base_events.py", line 589, in _check_running
    raise RuntimeError('This event loop is already running')
RuntimeError: This event loop is already running

During handling of the above exception, another exception occurred:

Traceback (most recent call last):
  File "/home/runner/workspace/.pythonlibs/lib/python3.11/site-packages/telegram/ext/_application.py", line 1067, in __run
    loop.run_until_complete(self.shutdown())
  File "/nix/store/clx0mcir7qw8zk36zbr4jra789g3knf6-python3-3.11.10/lib/python3.11/asyncio/base_events.py", line 630, in run_until_complete
    self._check_running()
  File "/nix/store/clx0mcir7qw8zk36zbr4jra789g3knf6-python3-3.11.10/lib/python3.11/asyncio/base_events.py", line 589, in _check_running
    raise RuntimeError('This event loop is already running')
RuntimeError: This event loop is already running

During handling of the above exception, another exception occurred:

Traceback (most recent call last):
  File "/home/runner/workspace/telegram_test.py", line 43, in main
    await application.run_polling(allowed_updates=Update.ALL_TYPES)
          ^^^^^^^^^^^^^^^^^^^^^^^^^^^^^^^^^^^^^^^^^^^^^^^^^^^^^^^^^
  File "/home/runner/workspace/.pythonlibs/lib/python3.11/site-packages/telegram/ext/_application.py", line 832, in run_polling
    return self.__run(
           ^^^^^^^^^^^
  File "/home/runner/workspace/.pythonlibs/lib/python3.11/site-packages/telegram/ext/_application.py", line 1072, in __run
    loop.close()
  File "/nix/store/clx0mcir7qw8zk36zbr4jra789g3knf6-python3-3.11.10/lib/python3.11/asyncio/unix_events.py", line 68, in close
    super().close()
  File "/nix/store/clx0mcir7qw8zk36zbr4jra789g3knf6-python3-3.11.10/lib/python3.11/asyncio/selector_events.py", line 88, in close
    raise RuntimeError("Cannot close a running event loop")
RuntimeError: Cannot close a running event loop
2025-05-02 00:06:49,146 - root - INFO - Telegram-X integration bot logger initialized
2025-05-02 00:06:49,553 - root - INFO - Telegram-X integration bot logger initialized
2025-05-02 00:06:49,770 - root - INFO - Port 5000 is already in use. Starting bot-only mode...
2025-05-02 00:06:49,771 - root - INFO - Telegram-X integration bot logger initialized
2025-05-02 00:06:49,771 - root - INFO - Telegram-X integration bot logger initialized
2025-05-02 00:14:31,662 - root - INFO - Telegram-X integration bot logger initialized
2025-05-02 00:15:24,368 - root - INFO - Telegram-X integration bot logger initialized
2025-05-02 00:15:24,549 - root - INFO - Port 5000 is already in use. Starting bot-only mode...
2025-05-02 00:15:24,550 - root - INFO - Running the Telegram-X bot subprocess...
2025-05-02 00:15:24,551 - root - INFO - Telegram-X bot process started with PID 5645
2025-05-02 00:15:54,736 - root - INFO - Telegram-X integration bot logger initialized
2025-05-02 00:15:55,123 - root - INFO - Telegram-X integration bot logger initialized
2025-05-02 00:15:55,306 - root - INFO - Port 5000 is already in use. Starting bot-only mode...
2025-05-02 00:15:55,306 - root - INFO - Running the Telegram-X bot subprocess...
2025-05-02 00:15:55,307 - root - INFO - Telegram-X bot process started with PID 5777
2025-05-02 00:17:59,787 - root - INFO - Telegram-X integration bot logger initialized
2025-05-02 00:17:59,977 - root - INFO - Port 5000 is already in use. Starting bot-only mode...
2025-05-02 00:17:59,978 - root - INFO - Running the Telegram-X bot subprocess...
2025-05-02 00:17:59,978 - root - INFO - Telegram-X bot process started with PID 6045
2025-05-02 00:18:00,082 - __main__ - INFO - Starting Telegram-X integration bot
2025-05-02 00:18:00,277 - __main__ - INFO - Twitter API client initialized
2025-05-02 00:18:00,360 - __main__ - INFO - Status updated: Initializing..., Connected as @yupienfess
2025-05-02 00:18:00,361 - __main__ - INFO - Status updated: Starting Telegram bot subprocess..., Connected as @yupienfess
2025-05-02 00:18:00,361 - __main__ - INFO - Starting Telegram bot subprocess...
2025-05-02 00:18:00,362 - __main__ - INFO - Telegram bot subprocess started with PID 6050
2025-05-02 00:18:00,362 - __main__ - INFO - Status updated: Telegram bot running (PID: 6050), Connected as @yupienfess
2025-05-02 00:18:00,363 - __main__ - INFO - Entering main loop
2025-05-02 00:18:01,363 - __main__ - WARNING - Telegram bot process exited with code 0
2025-05-02 00:18:01,364 - __main__ - INFO - Status updated: Process exited (code: 0), Connected as @yupienfess
2025-05-02 00:18:01,364 - __main__ - INFO - Restarting Telegram bot process...
2025-05-02 00:18:01,364 - __main__ - INFO - Status updated: Starting Telegram bot subprocess..., Connected as @yupienfess
2025-05-02 00:18:01,364 - __main__ - INFO - Starting Telegram bot subprocess...
2025-05-02 00:18:01,365 - __main__ - INFO - Telegram bot subprocess started with PID 6054
2025-05-02 00:18:01,365 - __main__ - INFO - Status updated: Telegram bot running (PID: 6054), Connected as @yupienfess
2025-05-02 00:18:02,366 - __main__ - WARNING - Telegram bot process exited with code 0
2025-05-02 00:18:02,367 - __main__ - INFO - Status updated: Process exited (code: 0), Connected as @yupienfess
2025-05-02 00:18:02,367 - __main__ - INFO - Restarting Telegram bot process...
2025-05-02 00:18:02,367 - __main__ - INFO - Status updated: Starting Telegram bot subprocess..., Connected as @yupienfess
2025-05-02 00:18:02,367 - __main__ - INFO - Starting Telegram bot subprocess...
2025-05-02 00:18:02,368 - __main__ - INFO - Telegram bot subprocess started with PID 6059
2025-05-02 00:18:02,368 - __main__ - INFO - Status updated: Telegram bot running (PID: 6059), Connected as @yupienfess
2025-05-02 00:18:03,368 - __main__ - WARNING - Telegram bot process exited with code 0
2025-05-02 00:18:03,370 - __main__ - INFO - Status updated: Process exited (code: 0), Connected as @yupienfess
2025-05-02 00:18:03,370 - __main__ - INFO - Restarting Telegram bot process...
2025-05-02 00:18:03,370 - __main__ - INFO - Status updated: Starting Telegram bot subprocess..., Connected as @yupienfess
2025-05-02 00:18:03,372 - __main__ - INFO - Starting Telegram bot subprocess...
2025-05-02 00:18:03,373 - __main__ - INFO - Telegram bot subprocess started with PID 6064
2025-05-02 00:18:03,374 - __main__ - INFO - Status updated: Telegram bot running (PID: 6064), Connected as @yupienfess
2025-05-02 00:18:04,374 - __main__ - WARNING - Telegram bot process exited with code 0
2025-05-02 00:18:04,375 - __main__ - INFO - Status updated: Process exited (code: 0), Connected as @yupienfess
2025-05-02 00:18:04,375 - __main__ - INFO - Restarting Telegram bot process...
2025-05-02 00:18:04,376 - __main__ - INFO - Status updated: Starting Telegram bot subprocess..., Connected as @yupienfess
2025-05-02 00:18:04,376 - __main__ - INFO - Starting Telegram bot subprocess...
2025-05-02 00:18:04,377 - __main__ - INFO - Telegram bot subprocess started with PID 6068
2025-05-02 00:18:04,378 - __main__ - INFO - Status updated: Telegram bot running (PID: 6068), Connected as @yupienfess
2025-05-02 00:18:05,378 - __main__ - WARNING - Telegram bot process exited with code 0
2025-05-02 00:18:05,380 - __main__ - INFO - Status updated: Process exited (code: 0), Connected as @yupienfess
2025-05-02 00:18:05,380 - __main__ - INFO - Restarting Telegram bot process...
2025-05-02 00:18:05,382 - __main__ - INFO - Status updated: Starting Telegram bot subprocess..., Connected as @yupienfess
2025-05-02 00:18:05,383 - __main__ - INFO - Starting Telegram bot subprocess...
2025-05-02 00:18:05,386 - __main__ - INFO - Telegram bot subprocess started with PID 6073
2025-05-02 00:18:05,386 - __main__ - INFO - Status updated: Telegram bot running (PID: 6073), Connected as @yupienfess
2025-05-02 00:18:06,386 - __main__ - WARNING - Telegram bot process exited with code 0
2025-05-02 00:18:06,387 - __main__ - INFO - Status updated: Process exited (code: 0), Connected as @yupienfess
2025-05-02 00:18:06,387 - __main__ - INFO - Restarting Telegram bot process...
2025-05-02 00:18:06,388 - __main__ - INFO - Status updated: Starting Telegram bot subprocess..., Connected as @yupienfess
2025-05-02 00:18:06,388 - __main__ - INFO - Starting Telegram bot subprocess...
2025-05-02 00:18:06,388 - __main__ - INFO - Telegram bot subprocess started with PID 6078
2025-05-02 00:18:06,389 - __main__ - INFO - Status updated: Telegram bot running (PID: 6078), Connected as @yupienfess
2025-05-02 00:18:07,389 - __main__ - WARNING - Telegram bot process exited with code 0
2025-05-02 00:18:07,389 - __main__ - INFO - Status updated: Process exited (code: 0), Connected as @yupienfess
2025-05-02 00:18:07,389 - __main__ - INFO - Restarting Telegram bot process...
2025-05-02 00:18:07,390 - __main__ - INFO - Status updated: Starting Telegram bot subprocess..., Connected as @yupienfess
2025-05-02 00:18:07,390 - __main__ - INFO - Starting Telegram bot subprocess...
2025-05-02 00:18:07,391 - __main__ - INFO - Telegram bot subprocess started with PID 6082
2025-05-02 00:18:07,392 - __main__ - INFO - Status updated: Telegram bot running (PID: 6082), Connected as @yupienfess
2025-05-02 00:18:08,392 - __main__ - WARNING - Telegram bot process exited with code 0
2025-05-02 00:18:08,393 - __main__ - INFO - Status updated: Process exited (code: 0), Connected as @yupienfess
2025-05-02 00:18:08,393 - __main__ - INFO - Restarting Telegram bot process...
2025-05-02 00:18:08,394 - __main__ - INFO - Status updated: Starting Telegram bot subprocess..., Connected as @yupienfess
2025-05-02 00:18:08,394 - __main__ - INFO - Starting Telegram bot subprocess...
2025-05-02 00:18:08,394 - __main__ - INFO - Telegram bot subprocess started with PID 6087
2025-05-02 00:18:08,395 - __main__ - INFO - Status updated: Telegram bot running (PID: 6087), Connected as @yupienfess
2025-05-02 00:18:09,395 - __main__ - WARNING - Telegram bot process exited with code 0
2025-05-02 00:18:09,395 - __main__ - INFO - Status updated: Process exited (code: 0), Connected as @yupienfess
2025-05-02 00:18:09,396 - __main__ - INFO - Restarting Telegram bot process...
2025-05-02 00:18:09,396 - __main__ - INFO - Status updated: Starting Telegram bot subprocess..., Connected as @yupienfess
2025-05-02 00:18:09,396 - __main__ - INFO - Starting Telegram bot subprocess...
2025-05-02 00:18:09,396 - __main__ - INFO - Telegram bot subprocess started with PID 6102
2025-05-02 00:18:09,397 - __main__ - INFO - Status updated: Telegram bot running (PID: 6102), Connected as @yupienfess
2025-05-02 00:18:10,397 - __main__ - WARNING - Telegram bot process exited with code 0
2025-05-02 00:18:10,398 - __main__ - INFO - Status updated: Process exited (code: 0), Connected as @yupienfess
2025-05-02 00:18:10,398 - __main__ - INFO - Restarting Telegram bot process...
2025-05-02 00:18:10,399 - __main__ - INFO - Status updated: Starting Telegram bot subprocess..., Connected as @yupienfess
2025-05-02 00:18:10,399 - __main__ - INFO - Starting Telegram bot subprocess...
2025-05-02 00:18:10,399 - __main__ - INFO - Telegram bot subprocess started with PID 6117
2025-05-02 00:18:10,400 - __main__ - INFO - Status updated: Telegram bot running (PID: 6117), Connected as @yupienfess
2025-05-02 00:18:11,400 - __main__ - WARNING - Telegram bot process exited with code 0
2025-05-02 00:18:11,401 - __main__ - INFO - Status updated: Process exited (code: 0), Connected as @yupienfess
2025-05-02 00:18:11,401 - __main__ - INFO - Restarting Telegram bot process...
2025-05-02 00:18:11,401 - __main__ - INFO - Status updated: Starting Telegram bot subprocess..., Connected as @yupienfess
2025-05-02 00:18:11,401 - __main__ - INFO - Starting Telegram bot subprocess...
2025-05-02 00:18:11,402 - __main__ - INFO - Telegram bot subprocess started with PID 6122
2025-05-02 00:18:11,403 - __main__ - INFO - Status updated: Telegram bot running (PID: 6122), Connected as @yupienfess
2025-05-02 00:18:12,403 - __main__ - WARNING - Telegram bot process exited with code 0
2025-05-02 00:18:12,403 - __main__ - INFO - Status updated: Process exited (code: 0), Connected as @yupienfess
2025-05-02 00:18:12,404 - __main__ - INFO - Restarting Telegram bot process...
2025-05-02 00:18:12,404 - __main__ - INFO - Status updated: Starting Telegram bot subprocess..., Connected as @yupienfess
2025-05-02 00:18:12,404 - __main__ - INFO - Starting Telegram bot subprocess...
2025-05-02 00:18:12,404 - __main__ - INFO - Telegram bot subprocess started with PID 6127
2025-05-02 00:18:12,405 - __main__ - INFO - Status updated: Telegram bot running (PID: 6127), Connected as @yupienfess
2025-05-02 00:18:13,405 - __main__ - WARNING - Telegram bot process exited with code 0
2025-05-02 00:18:13,406 - __main__ - INFO - Status updated: Process exited (code: 0), Connected as @yupienfess
2025-05-02 00:18:13,406 - __main__ - INFO - Restarting Telegram bot process...
2025-05-02 00:18:13,407 - __main__ - INFO - Status updated: Starting Telegram bot subprocess..., Connected as @yupienfess
2025-05-02 00:18:13,407 - __main__ - INFO - Starting Telegram bot subprocess...
2025-05-02 00:18:13,407 - __main__ - INFO - Telegram bot subprocess started with PID 6131
2025-05-02 00:18:13,408 - __main__ - INFO - Status updated: Telegram bot running (PID: 6131), Connected as @yupienfess
2025-05-02 00:18:14,408 - __main__ - WARNING - Telegram bot process exited with code 0
2025-05-02 00:18:14,409 - __main__ - INFO - Status updated: Process exited (code: 0), Connected as @yupienfess
2025-05-02 00:18:14,409 - __main__ - INFO - Restarting Telegram bot process...
2025-05-02 00:18:14,409 - __main__ - INFO - Status updated: Starting Telegram bot subprocess..., Connected as @yupienfess
2025-05-02 00:18:14,409 - __main__ - INFO - Starting Telegram bot subprocess...
2025-05-02 00:18:14,410 - __main__ - INFO - Telegram bot subprocess started with PID 6140
2025-05-02 00:18:14,410 - __main__ - INFO - Status updated: Telegram bot running (PID: 6140), Connected as @yupienfess
2025-05-02 00:18:15,410 - __main__ - WARNING - Telegram bot process exited with code 0
2025-05-02 00:18:15,411 - __main__ - INFO - Status updated: Process exited (code: 0), Connected as @yupienfess
2025-05-02 00:18:15,411 - __main__ - INFO - Restarting Telegram bot process...
2025-05-02 00:18:15,411 - __main__ - INFO - Status updated: Starting Telegram bot subprocess..., Connected as @yupienfess
2025-05-02 00:18:15,411 - __main__ - INFO - Starting Telegram bot subprocess...
2025-05-02 00:18:15,412 - __main__ - INFO - Telegram bot subprocess started with PID 6178
2025-05-02 00:18:15,412 - __main__ - INFO - Status updated: Telegram bot running (PID: 6178), Connected as @yupienfess
2025-05-02 00:18:16,412 - __main__ - WARNING - Telegram bot process exited with code 0
2025-05-02 00:18:16,414 - __main__ - INFO - Status updated: Process exited (code: 0), Connected as @yupienfess
2025-05-02 00:18:16,414 - __main__ - INFO - Restarting Telegram bot process...
2025-05-02 00:18:16,414 - __main__ - INFO - Status updated: Starting Telegram bot subprocess..., Connected as @yupienfess
2025-05-02 00:18:16,414 - __main__ - INFO - Starting Telegram bot subprocess...
2025-05-02 00:18:16,415 - __main__ - INFO - Telegram bot subprocess started with PID 6198
2025-05-02 00:18:16,415 - __main__ - INFO - Status updated: Telegram bot running (PID: 6198), Connected as @yupienfess
2025-05-02 00:18:17,416 - __main__ - WARNING - Telegram bot process exited with code 0
2025-05-02 00:18:17,417 - __main__ - INFO - Status updated: Process exited (code: 0), Connected as @yupienfess
2025-05-02 00:18:17,417 - __main__ - INFO - Restarting Telegram bot process...
2025-05-02 00:18:17,417 - __main__ - INFO - Status updated: Starting Telegram bot subprocess..., Connected as @yupienfess
2025-05-02 00:18:17,417 - __main__ - INFO - Starting Telegram bot subprocess...
2025-05-02 00:18:17,418 - __main__ - INFO - Telegram bot subprocess started with PID 6202
2025-05-02 00:18:17,419 - __main__ - INFO - Status updated: Telegram bot running (PID: 6202), Connected as @yupienfess
2025-05-02 00:18:18,420 - __main__ - WARNING - Telegram bot process exited with code 0
2025-05-02 00:18:18,420 - __main__ - INFO - Status updated: Process exited (code: 0), Connected as @yupienfess
2025-05-02 00:18:18,421 - __main__ - INFO - Restarting Telegram bot process...
2025-05-02 00:18:18,421 - __main__ - INFO - Status updated: Starting Telegram bot subprocess..., Connected as @yupienfess
2025-05-02 00:18:18,421 - __main__ - INFO - Starting Telegram bot subprocess...
2025-05-02 00:18:18,422 - __main__ - INFO - Telegram bot subprocess started with PID 6207
2025-05-02 00:18:18,422 - __main__ - INFO - Status updated: Telegram bot running (PID: 6207), Connected as @yupienfess
2025-05-02 00:18:19,422 - __main__ - WARNING - Telegram bot process exited with code 0
2025-05-02 00:18:19,424 - __main__ - INFO - Status updated: Process exited (code: 0), Connected as @yupienfess
2025-05-02 00:18:19,424 - __main__ - INFO - Restarting Telegram bot process...
2025-05-02 00:18:19,425 - __main__ - INFO - Status updated: Starting Telegram bot subprocess..., Connected as @yupienfess
2025-05-02 00:18:19,425 - __main__ - INFO - Starting Telegram bot subprocess...
2025-05-02 00:18:19,425 - __main__ - INFO - Telegram bot subprocess started with PID 6212
2025-05-02 00:18:19,426 - __main__ - INFO - Status updated: Telegram bot running (PID: 6212), Connected as @yupienfess
2025-05-02 00:18:20,426 - __main__ - WARNING - Telegram bot process exited with code 0
2025-05-02 00:18:20,427 - __main__ - INFO - Status updated: Process exited (code: 0), Connected as @yupienfess
2025-05-02 00:18:20,427 - __main__ - INFO - Restarting Telegram bot process...
2025-05-02 00:18:20,427 - __main__ - INFO - Status updated: Starting Telegram bot subprocess..., Connected as @yupienfess
2025-05-02 00:18:20,428 - __main__ - INFO - Starting Telegram bot subprocess...
2025-05-02 00:18:20,428 - __main__ - INFO - Telegram bot subprocess started with PID 6216
2025-05-02 00:18:20,428 - __main__ - INFO - Status updated: Telegram bot running (PID: 6216), Connected as @yupienfess
2025-05-02 00:18:21,429 - __main__ - WARNING - Telegram bot process exited with code 0
2025-05-02 00:18:21,430 - __main__ - INFO - Status updated: Process exited (code: 0), Connected as @yupienfess
2025-05-02 00:18:21,430 - __main__ - INFO - Restarting Telegram bot process...
2025-05-02 00:18:21,430 - __main__ - INFO - Status updated: Starting Telegram bot subprocess..., Connected as @yupienfess
2025-05-02 00:18:21,430 - __main__ - INFO - Starting Telegram bot subprocess...
2025-05-02 00:18:21,431 - __main__ - INFO - Telegram bot subprocess started with PID 6221
2025-05-02 00:18:21,431 - __main__ - INFO - Status updated: Telegram bot running (PID: 6221), Connected as @yupienfess
2025-05-02 00:18:22,431 - __main__ - WARNING - Telegram bot process exited with code 0
2025-05-02 00:18:22,432 - __main__ - INFO - Status updated: Process exited (code: 0), Connected as @yupienfess
2025-05-02 00:18:22,432 - __main__ - INFO - Restarting Telegram bot process...
2025-05-02 00:18:22,432 - __main__ - INFO - Status updated: Starting Telegram bot subprocess..., Connected as @yupienfess
2025-05-02 00:18:22,432 - __main__ - INFO - Starting Telegram bot subprocess...
2025-05-02 00:18:22,433 - __main__ - INFO - Telegram bot subprocess started with PID 6225
2025-05-02 00:18:22,434 - __main__ - INFO - Status updated: Telegram bot running (PID: 6225), Connected as @yupienfess
2025-05-02 00:18:23,434 - __main__ - WARNING - Telegram bot process exited with code 0
2025-05-02 00:18:23,435 - __main__ - INFO - Status updated: Process exited (code: 0), Connected as @yupienfess
2025-05-02 00:18:23,435 - __main__ - INFO - Restarting Telegram bot process...
2025-05-02 00:18:23,435 - __main__ - INFO - Status updated: Starting Telegram bot subprocess..., Connected as @yupienfess
2025-05-02 00:18:23,436 - __main__ - INFO - Starting Telegram bot subprocess...
2025-05-02 00:18:23,436 - __main__ - INFO - Telegram bot subprocess started with PID 6229
2025-05-02 00:18:23,436 - __main__ - INFO - Status updated: Telegram bot running (PID: 6229), Connected as @yupienfess
2025-05-02 00:18:24,436 - __main__ - WARNING - Telegram bot process exited with code 0
2025-05-02 00:18:24,437 - __main__ - INFO - Status updated: Process exited (code: 0), Connected as @yupienfess
2025-05-02 00:18:24,437 - __main__ - INFO - Restarting Telegram bot process...
2025-05-02 00:18:24,438 - __main__ - INFO - Status updated: Starting Telegram bot subprocess..., Connected as @yupienfess
2025-05-02 00:18:24,438 - __main__ - INFO - Starting Telegram bot subprocess...
2025-05-02 00:18:24,438 - __main__ - INFO - Telegram bot subprocess started with PID 6234
2025-05-02 00:18:24,438 - __main__ - INFO - Status updated: Telegram bot running (PID: 6234), Connected as @yupienfess
2025-05-02 00:18:25,439 - __main__ - WARNING - Telegram bot process exited with code 0
2025-05-02 00:18:25,441 - __main__ - INFO - Status updated: Process exited (code: 0), Connected as @yupienfess
2025-05-02 00:18:25,441 - __main__ - INFO - Restarting Telegram bot process...
2025-05-02 00:18:25,441 - __main__ - INFO - Status updated: Starting Telegram bot subprocess..., Connected as @yupienfess
2025-05-02 00:18:25,441 - __main__ - INFO - Starting Telegram bot subprocess...
2025-05-02 00:18:25,442 - __main__ - INFO - Telegram bot subprocess started with PID 6238
2025-05-02 00:18:25,443 - __main__ - INFO - Status updated: Telegram bot running (PID: 6238), Connected as @yupienfess
2025-05-02 00:18:26,443 - __main__ - WARNING - Telegram bot process exited with code 0
2025-05-02 00:18:26,445 - __main__ - INFO - Status updated: Process exited (code: 0), Connected as @yupienfess
2025-05-02 00:18:26,445 - __main__ - INFO - Restarting Telegram bot process...
2025-05-02 00:18:26,445 - __main__ - INFO - Status updated: Starting Telegram bot subprocess..., Connected as @yupienfess
2025-05-02 00:18:26,446 - __main__ - INFO - Starting Telegram bot subprocess...
2025-05-02 00:18:26,446 - __main__ - INFO - Telegram bot subprocess started with PID 6242
2025-05-02 00:18:26,446 - __main__ - INFO - Status updated: Telegram bot running (PID: 6242), Connected as @yupienfess
2025-05-02 00:18:27,446 - __main__ - WARNING - Telegram bot process exited with code 0
2025-05-02 00:18:27,447 - __main__ - INFO - Status updated: Process exited (code: 0), Connected as @yupienfess
2025-05-02 00:18:27,447 - __main__ - INFO - Restarting Telegram bot process...
2025-05-02 00:18:27,447 - __main__ - INFO - Status updated: Starting Telegram bot subprocess..., Connected as @yupienfess
2025-05-02 00:18:27,447 - __main__ - INFO - Starting Telegram bot subprocess...
2025-05-02 00:18:27,448 - __main__ - INFO - Telegram bot subprocess started with PID 6247
2025-05-02 00:18:27,448 - __main__ - INFO - Status updated: Telegram bot running (PID: 6247), Connected as @yupienfess
2025-05-02 00:18:28,448 - __main__ - WARNING - Telegram bot process exited with code 0
2025-05-02 00:18:28,449 - __main__ - INFO - Status updated: Process exited (code: 0), Connected as @yupienfess
2025-05-02 00:18:28,449 - __main__ - INFO - Restarting Telegram bot process...
2025-05-02 00:18:28,450 - __main__ - INFO - Status updated: Starting Telegram bot subprocess..., Connected as @yupienfess
2025-05-02 00:18:28,450 - __main__ - INFO - Starting Telegram bot subprocess...
2025-05-02 00:18:28,450 - __main__ - INFO - Telegram bot subprocess started with PID 6252
2025-05-02 00:18:28,451 - __main__ - INFO - Status updated: Telegram bot running (PID: 6252), Connected as @yupienfess
2025-05-02 00:18:29,451 - __main__ - WARNING - Telegram bot process exited with code 0
2025-05-02 00:18:29,452 - __main__ - INFO - Status updated: Process exited (code: 0), Connected as @yupienfess
2025-05-02 00:18:29,452 - __main__ - INFO - Restarting Telegram bot process...
2025-05-02 00:18:29,453 - __main__ - INFO - Status updated: Starting Telegram bot subprocess..., Connected as @yupienfess
2025-05-02 00:18:29,453 - __main__ - INFO - Starting Telegram bot subprocess...
2025-05-02 00:18:29,453 - __main__ - INFO - Telegram bot subprocess started with PID 6257
2025-05-02 00:18:29,454 - __main__ - INFO - Status updated: Telegram bot running (PID: 6257), Connected as @yupienfess
2025-05-02 00:18:30,454 - __main__ - WARNING - Telegram bot process exited with code 0
2025-05-02 00:18:30,456 - __main__ - INFO - Status updated: Process exited (code: 0), Connected as @yupienfess
2025-05-02 00:18:30,456 - __main__ - INFO - Restarting Telegram bot process...
2025-05-02 00:18:30,457 - __main__ - INFO - Status updated: Starting Telegram bot subprocess..., Connected as @yupienfess
2025-05-02 00:18:30,457 - __main__ - INFO - Starting Telegram bot subprocess...
2025-05-02 00:18:30,458 - __main__ - INFO - Telegram bot subprocess started with PID 6262
2025-05-02 00:18:30,460 - __main__ - INFO - Status updated: Telegram bot running (PID: 6262), Connected as @yupienfess
2025-05-02 00:18:31,461 - __main__ - WARNING - Telegram bot process exited with code 0
2025-05-02 00:18:31,462 - __main__ - INFO - Status updated: Process exited (code: 0), Connected as @yupienfess
2025-05-02 00:18:31,462 - __main__ - INFO - Restarting Telegram bot process...
2025-05-02 00:18:31,462 - __main__ - INFO - Status updated: Starting Telegram bot subprocess..., Connected as @yupienfess
2025-05-02 00:18:31,463 - __main__ - INFO - Starting Telegram bot subprocess...
2025-05-02 00:18:31,463 - __main__ - INFO - Telegram bot subprocess started with PID 6267
2025-05-02 00:18:31,464 - __main__ - INFO - Status updated: Telegram bot running (PID: 6267), Connected as @yupienfess
2025-05-02 00:18:32,464 - __main__ - WARNING - Telegram bot process exited with code 0
2025-05-02 00:18:32,464 - __main__ - INFO - Status updated: Process exited (code: 0), Connected as @yupienfess
2025-05-02 00:18:32,464 - __main__ - INFO - Restarting Telegram bot process...
2025-05-02 00:18:32,465 - __main__ - INFO - Status updated: Starting Telegram bot subprocess..., Connected as @yupienfess
2025-05-02 00:18:32,465 - __main__ - INFO - Starting Telegram bot subprocess...
2025-05-02 00:18:32,465 - __main__ - INFO - Telegram bot subprocess started with PID 6271
2025-05-02 00:18:32,466 - __main__ - INFO - Status updated: Telegram bot running (PID: 6271), Connected as @yupienfess
2025-05-02 00:18:33,466 - __main__ - WARNING - Telegram bot process exited with code 0
2025-05-02 00:18:33,467 - __main__ - INFO - Status updated: Process exited (code: 0), Connected as @yupienfess
2025-05-02 00:18:33,467 - __main__ - INFO - Restarting Telegram bot process...
2025-05-02 00:18:33,467 - __main__ - INFO - Status updated: Starting Telegram bot subprocess..., Connected as @yupienfess
2025-05-02 00:18:33,467 - __main__ - INFO - Starting Telegram bot subprocess...
2025-05-02 00:18:33,470 - __main__ - INFO - Telegram bot subprocess started with PID 6277
2025-05-02 00:18:33,471 - __main__ - INFO - Status updated: Telegram bot running (PID: 6277), Connected as @yupienfess
2025-05-02 00:18:34,471 - __main__ - WARNING - Telegram bot process exited with code 0
2025-05-02 00:18:34,472 - __main__ - INFO - Status updated: Process exited (code: 0), Connected as @yupienfess
2025-05-02 00:18:34,472 - __main__ - INFO - Restarting Telegram bot process...
2025-05-02 00:18:34,473 - __main__ - INFO - Status updated: Starting Telegram bot subprocess..., Connected as @yupienfess
2025-05-02 00:18:34,473 - __main__ - INFO - Starting Telegram bot subprocess...
2025-05-02 00:18:34,477 - __main__ - INFO - Telegram bot subprocess started with PID 6282
2025-05-02 00:18:34,478 - __main__ - INFO - Status updated: Telegram bot running (PID: 6282), Connected as @yupienfess
2025-05-02 00:18:35,478 - __main__ - WARNING - Telegram bot process exited with code 0
2025-05-02 00:18:35,479 - __main__ - INFO - Status updated: Process exited (code: 0), Connected as @yupienfess
2025-05-02 00:18:35,479 - __main__ - INFO - Restarting Telegram bot process...
2025-05-02 00:18:35,480 - __main__ - INFO - Status updated: Starting Telegram bot subprocess..., Connected as @yupienfess
2025-05-02 00:18:35,480 - __main__ - INFO - Starting Telegram bot subprocess...
2025-05-02 00:18:35,481 - __main__ - INFO - Telegram bot subprocess started with PID 6288
2025-05-02 00:18:35,489 - __main__ - INFO - Status updated: Telegram bot running (PID: 6288), Connected as @yupienfess
2025-05-02 00:18:36,489 - __main__ - WARNING - Telegram bot process exited with code 0
2025-05-02 00:18:36,490 - __main__ - INFO - Status updated: Process exited (code: 0), Connected as @yupienfess
2025-05-02 00:18:36,490 - __main__ - INFO - Restarting Telegram bot process...
2025-05-02 00:18:36,490 - __main__ - INFO - Status updated: Starting Telegram bot subprocess..., Connected as @yupienfess
2025-05-02 00:18:36,490 - __main__ - INFO - Starting Telegram bot subprocess...
2025-05-02 00:18:36,494 - __main__ - INFO - Telegram bot subprocess started with PID 6293
2025-05-02 00:18:36,494 - __main__ - INFO - Status updated: Telegram bot running (PID: 6293), Connected as @yupienfess
2025-05-02 00:18:37,494 - __main__ - WARNING - Telegram bot process exited with code 0
2025-05-02 00:18:37,495 - __main__ - INFO - Status updated: Process exited (code: 0), Connected as @yupienfess
2025-05-02 00:18:37,495 - __main__ - INFO - Restarting Telegram bot process...
2025-05-02 00:18:37,496 - __main__ - INFO - Status updated: Starting Telegram bot subprocess..., Connected as @yupienfess
2025-05-02 00:18:37,496 - __main__ - INFO - Starting Telegram bot subprocess...
2025-05-02 00:18:37,496 - __main__ - INFO - Telegram bot subprocess started with PID 6297
2025-05-02 00:18:37,497 - __main__ - INFO - Status updated: Telegram bot running (PID: 6297), Connected as @yupienfess
2025-05-02 00:18:38,497 - __main__ - WARNING - Telegram bot process exited with code 0
2025-05-02 00:18:38,497 - __main__ - INFO - Status updated: Process exited (code: 0), Connected as @yupienfess
2025-05-02 00:18:38,497 - __main__ - INFO - Restarting Telegram bot process...
2025-05-02 00:18:38,498 - __main__ - INFO - Status updated: Starting Telegram bot subprocess..., Connected as @yupienfess
2025-05-02 00:18:38,498 - __main__ - INFO - Starting Telegram bot subprocess...
2025-05-02 00:18:38,498 - __main__ - INFO - Telegram bot subprocess started with PID 6303
2025-05-02 00:18:38,499 - __main__ - INFO - Status updated: Telegram bot running (PID: 6303), Connected as @yupienfess
2025-05-02 00:18:39,499 - __main__ - WARNING - Telegram bot process exited with code 0
2025-05-02 00:18:39,500 - __main__ - INFO - Status updated: Process exited (code: 0), Connected as @yupienfess
2025-05-02 00:18:39,500 - __main__ - INFO - Restarting Telegram bot process...
2025-05-02 00:18:39,500 - __main__ - INFO - Status updated: Starting Telegram bot subprocess..., Connected as @yupienfess
2025-05-02 00:18:39,500 - __main__ - INFO - Starting Telegram bot subprocess...
2025-05-02 00:18:39,501 - __main__ - INFO - Telegram bot subprocess started with PID 6308
2025-05-02 00:18:39,501 - __main__ - INFO - Status updated: Telegram bot running (PID: 6308), Connected as @yupienfess
2025-05-02 00:18:40,501 - __main__ - WARNING - Telegram bot process exited with code 0
2025-05-02 00:18:40,502 - __main__ - INFO - Status updated: Process exited (code: 0), Connected as @yupienfess
2025-05-02 00:18:40,502 - __main__ - INFO - Restarting Telegram bot process...
2025-05-02 00:18:40,503 - __main__ - INFO - Status updated: Starting Telegram bot subprocess..., Connected as @yupienfess
2025-05-02 00:18:40,503 - __main__ - INFO - Starting Telegram bot subprocess...
2025-05-02 00:18:40,504 - __main__ - INFO - Telegram bot subprocess started with PID 6312
2025-05-02 00:18:40,504 - __main__ - INFO - Status updated: Telegram bot running (PID: 6312), Connected as @yupienfess
2025-05-02 00:18:41,505 - __main__ - WARNING - Telegram bot process exited with code 0
2025-05-02 00:18:41,507 - __main__ - INFO - Status updated: Process exited (code: 0), Connected as @yupienfess
2025-05-02 00:18:41,507 - __main__ - INFO - Restarting Telegram bot process...
2025-05-02 00:18:41,508 - __main__ - INFO - Status updated: Starting Telegram bot subprocess..., Connected as @yupienfess
2025-05-02 00:18:41,509 - __main__ - INFO - Starting Telegram bot subprocess...
2025-05-02 00:18:41,509 - __main__ - INFO - Telegram bot subprocess started with PID 6317
2025-05-02 00:18:41,515 - __main__ - INFO - Status updated: Telegram bot running (PID: 6317), Connected as @yupienfess
2025-05-02 00:18:42,515 - __main__ - WARNING - Telegram bot process exited with code 0
2025-05-02 00:18:42,516 - __main__ - INFO - Status updated: Process exited (code: 0), Connected as @yupienfess
2025-05-02 00:18:42,516 - __main__ - INFO - Restarting Telegram bot process...
2025-05-02 00:18:42,517 - __main__ - INFO - Status updated: Starting Telegram bot subprocess..., Connected as @yupienfess
2025-05-02 00:18:42,517 - __main__ - INFO - Starting Telegram bot subprocess...
2025-05-02 00:18:42,517 - __main__ - INFO - Telegram bot subprocess started with PID 6321
2025-05-02 00:18:42,517 - __main__ - INFO - Status updated: Telegram bot running (PID: 6321), Connected as @yupienfess
2025-05-02 00:18:43,518 - __main__ - WARNING - Telegram bot process exited with code 0
2025-05-02 00:18:43,518 - __main__ - INFO - Status updated: Process exited (code: 0), Connected as @yupienfess
2025-05-02 00:18:43,519 - __main__ - INFO - Restarting Telegram bot process...
2025-05-02 00:18:43,519 - __main__ - INFO - Status updated: Starting Telegram bot subprocess..., Connected as @yupienfess
2025-05-02 00:18:43,521 - __main__ - INFO - Starting Telegram bot subprocess...
2025-05-02 00:18:43,521 - __main__ - INFO - Telegram bot subprocess started with PID 6326
2025-05-02 00:18:43,522 - __main__ - INFO - Status updated: Telegram bot running (PID: 6326), Connected as @yupienfess
2025-05-02 00:18:44,523 - __main__ - WARNING - Telegram bot process exited with code 0
2025-05-02 00:18:44,523 - __main__ - INFO - Status updated: Process exited (code: 0), Connected as @yupienfess
2025-05-02 00:18:44,524 - __main__ - INFO - Restarting Telegram bot process...
2025-05-02 00:18:44,524 - __main__ - INFO - Status updated: Starting Telegram bot subprocess..., Connected as @yupienfess
2025-05-02 00:18:44,524 - __main__ - INFO - Starting Telegram bot subprocess...
2025-05-02 00:18:44,524 - __main__ - INFO - Telegram bot subprocess started with PID 6331
2025-05-02 00:18:44,525 - __main__ - INFO - Status updated: Telegram bot running (PID: 6331), Connected as @yupienfess
2025-05-02 00:18:45,525 - __main__ - WARNING - Telegram bot process exited with code 0
2025-05-02 00:18:45,526 - __main__ - INFO - Status updated: Process exited (code: 0), Connected as @yupienfess
2025-05-02 00:18:45,527 - __main__ - INFO - Restarting Telegram bot process...
2025-05-02 00:18:45,528 - __main__ - INFO - Status updated: Starting Telegram bot subprocess..., Connected as @yupienfess
2025-05-02 00:18:45,528 - __main__ - INFO - Starting Telegram bot subprocess...
2025-05-02 00:18:45,529 - __main__ - INFO - Telegram bot subprocess started with PID 6335
2025-05-02 00:18:45,530 - __main__ - INFO - Status updated: Telegram bot running (PID: 6335), Connected as @yupienfess
2025-05-02 00:18:46,530 - __main__ - WARNING - Telegram bot process exited with code 0
2025-05-02 00:18:46,531 - __main__ - INFO - Status updated: Process exited (code: 0), Connected as @yupienfess
2025-05-02 00:18:46,531 - __main__ - INFO - Restarting Telegram bot process...
2025-05-02 00:18:46,531 - __main__ - INFO - Status updated: Starting Telegram bot subprocess..., Connected as @yupienfess
2025-05-02 00:18:46,531 - __main__ - INFO - Starting Telegram bot subprocess...
2025-05-02 00:18:46,532 - __main__ - INFO - Telegram bot subprocess started with PID 6340
2025-05-02 00:18:46,532 - __main__ - INFO - Status updated: Telegram bot running (PID: 6340), Connected as @yupienfess
2025-05-02 00:18:47,532 - __main__ - WARNING - Telegram bot process exited with code 0
2025-05-02 00:18:47,533 - __main__ - INFO - Status updated: Process exited (code: 0), Connected as @yupienfess
2025-05-02 00:18:47,534 - __main__ - INFO - Restarting Telegram bot process...
2025-05-02 00:18:47,534 - __main__ - INFO - Status updated: Starting Telegram bot subprocess..., Connected as @yupienfess
2025-05-02 00:18:47,534 - __main__ - INFO - Starting Telegram bot subprocess...
2025-05-02 00:18:47,535 - __main__ - INFO - Telegram bot subprocess started with PID 6345
2025-05-02 00:18:47,535 - __main__ - INFO - Status updated: Telegram bot running (PID: 6345), Connected as @yupienfess
2025-05-02 00:18:48,536 - __main__ - WARNING - Telegram bot process exited with code 0
2025-05-02 00:18:48,541 - __main__ - INFO - Status updated: Process exited (code: 0), Connected as @yupienfess
2025-05-02 00:18:48,542 - __main__ - INFO - Restarting Telegram bot process...
2025-05-02 00:18:48,543 - __main__ - INFO - Status updated: Starting Telegram bot subprocess..., Connected as @yupienfess
2025-05-02 00:18:48,546 - __main__ - INFO - Starting Telegram bot subprocess...
2025-05-02 00:18:48,548 - __main__ - INFO - Telegram bot subprocess started with PID 6350
2025-05-02 00:18:48,550 - __main__ - INFO - Status updated: Telegram bot running (PID: 6350), Connected as @yupienfess
2025-05-02 00:18:49,551 - __main__ - WARNING - Telegram bot process exited with code 0
2025-05-02 00:18:49,552 - __main__ - INFO - Status updated: Process exited (code: 0), Connected as @yupienfess
2025-05-02 00:18:49,552 - __main__ - INFO - Restarting Telegram bot process...
2025-05-02 00:18:49,552 - __main__ - INFO - Status updated: Starting Telegram bot subprocess..., Connected as @yupienfess
2025-05-02 00:18:49,552 - __main__ - INFO - Starting Telegram bot subprocess...
2025-05-02 00:18:49,553 - __main__ - INFO - Telegram bot subprocess started with PID 6354
2025-05-02 00:18:49,568 - __main__ - INFO - Status updated: Telegram bot running (PID: 6354), Connected as @yupienfess
2025-05-02 00:18:50,569 - __main__ - WARNING - Telegram bot process exited with code 0
2025-05-02 00:18:50,570 - __main__ - INFO - Status updated: Process exited (code: 0), Connected as @yupienfess
2025-05-02 00:18:50,570 - __main__ - INFO - Restarting Telegram bot process...
2025-05-02 00:18:50,571 - __main__ - INFO - Status updated: Starting Telegram bot subprocess..., Connected as @yupienfess
2025-05-02 00:18:50,572 - __main__ - INFO - Starting Telegram bot subprocess...
2025-05-02 00:18:50,573 - __main__ - INFO - Telegram bot subprocess started with PID 6358
2025-05-02 00:18:50,577 - __main__ - INFO - Status updated: Telegram bot running (PID: 6358), Connected as @yupienfess
2025-05-02 00:18:51,584 - __main__ - WARNING - Telegram bot process exited with code 0
2025-05-02 00:18:51,587 - __main__ - INFO - Status updated: Process exited (code: 0), Connected as @yupienfess
2025-05-02 00:18:51,587 - __main__ - INFO - Restarting Telegram bot process...
2025-05-02 00:18:51,587 - __main__ - INFO - Status updated: Starting Telegram bot subprocess..., Connected as @yupienfess
2025-05-02 00:18:51,587 - __main__ - INFO - Starting Telegram bot subprocess...
2025-05-02 00:18:51,588 - __main__ - INFO - Telegram bot subprocess started with PID 6363
2025-05-02 00:18:51,590 - __main__ - INFO - Status updated: Telegram bot running (PID: 6363), Connected as @yupienfess
2025-05-02 00:18:52,591 - __main__ - WARNING - Telegram bot process exited with code 0
2025-05-02 00:18:52,592 - __main__ - INFO - Status updated: Process exited (code: 0), Connected as @yupienfess
2025-05-02 00:18:52,592 - __main__ - INFO - Restarting Telegram bot process...
2025-05-02 00:18:52,593 - __main__ - INFO - Status updated: Starting Telegram bot subprocess..., Connected as @yupienfess
2025-05-02 00:18:52,594 - __main__ - INFO - Starting Telegram bot subprocess...
2025-05-02 00:18:52,596 - __main__ - INFO - Telegram bot subprocess started with PID 6369
2025-05-02 00:18:52,597 - __main__ - INFO - Status updated: Telegram bot running (PID: 6369), Connected as @yupienfess
2025-05-02 00:18:53,597 - __main__ - WARNING - Telegram bot process exited with code 0
2025-05-02 00:18:53,599 - __main__ - INFO - Status updated: Process exited (code: 0), Connected as @yupienfess
2025-05-02 00:18:53,599 - __main__ - INFO - Restarting Telegram bot process...
2025-05-02 00:18:53,600 - __main__ - INFO - Status updated: Starting Telegram bot subprocess..., Connected as @yupienfess
2025-05-02 00:18:53,601 - __main__ - INFO - Starting Telegram bot subprocess...
2025-05-02 00:18:53,601 - __main__ - INFO - Telegram bot subprocess started with PID 6374
2025-05-02 00:18:53,602 - __main__ - INFO - Status updated: Telegram bot running (PID: 6374), Connected as @yupienfess
2025-05-02 00:18:54,603 - __main__ - WARNING - Telegram bot process exited with code 0
2025-05-02 00:18:54,612 - __main__ - INFO - Status updated: Process exited (code: 0), Connected as @yupienfess
2025-05-02 00:18:54,613 - __main__ - INFO - Restarting Telegram bot process...
2025-05-02 00:18:54,615 - __main__ - INFO - Status updated: Starting Telegram bot subprocess..., Connected as @yupienfess
2025-05-02 00:18:54,615 - __main__ - INFO - Starting Telegram bot subprocess...
2025-05-02 00:18:54,616 - __main__ - INFO - Telegram bot subprocess started with PID 6379
2025-05-02 00:18:54,617 - __main__ - INFO - Status updated: Telegram bot running (PID: 6379), Connected as @yupienfess
2025-05-02 00:18:55,621 - __main__ - WARNING - Telegram bot process exited with code 0
2025-05-02 00:18:55,622 - __main__ - INFO - Status updated: Process exited (code: 0), Connected as @yupienfess
2025-05-02 00:18:55,622 - __main__ - INFO - Restarting Telegram bot process...
2025-05-02 00:18:55,622 - __main__ - INFO - Status updated: Starting Telegram bot subprocess..., Connected as @yupienfess
2025-05-02 00:18:55,623 - __main__ - INFO - Starting Telegram bot subprocess...
2025-05-02 00:18:55,630 - __main__ - INFO - Telegram bot subprocess started with PID 6383
2025-05-02 00:18:55,633 - __main__ - INFO - Status updated: Telegram bot running (PID: 6383), Connected as @yupienfess
2025-05-02 00:18:56,633 - __main__ - WARNING - Telegram bot process exited with code 0
2025-05-02 00:18:56,634 - __main__ - INFO - Status updated: Process exited (code: 0), Connected as @yupienfess
2025-05-02 00:18:56,634 - __main__ - INFO - Restarting Telegram bot process...
2025-05-02 00:18:56,634 - __main__ - INFO - Status updated: Starting Telegram bot subprocess..., Connected as @yupienfess
2025-05-02 00:18:56,634 - __main__ - INFO - Starting Telegram bot subprocess...
2025-05-02 00:18:56,635 - __main__ - INFO - Telegram bot subprocess started with PID 6387
2025-05-02 00:18:56,636 - __main__ - INFO - Status updated: Telegram bot running (PID: 6387), Connected as @yupienfess
2025-05-02 00:18:57,636 - __main__ - WARNING - Telegram bot process exited with code 0
2025-05-02 00:18:57,636 - __main__ - INFO - Status updated: Process exited (code: 0), Connected as @yupienfess
2025-05-02 00:18:57,636 - __main__ - INFO - Restarting Telegram bot process...
2025-05-02 00:18:57,637 - __main__ - INFO - Status updated: Starting Telegram bot subprocess..., Connected as @yupienfess
2025-05-02 00:18:57,637 - __main__ - INFO - Starting Telegram bot subprocess...
2025-05-02 00:18:57,638 - __main__ - INFO - Telegram bot subprocess started with PID 6392
2025-05-02 00:18:57,639 - __main__ - INFO - Status updated: Telegram bot running (PID: 6392), Connected as @yupienfess
2025-05-02 00:18:58,639 - __main__ - WARNING - Telegram bot process exited with code 0
2025-05-02 00:18:58,643 - __main__ - INFO - Status updated: Process exited (code: 0), Connected as @yupienfess
2025-05-02 00:18:58,644 - __main__ - INFO - Restarting Telegram bot process...
2025-05-02 00:18:58,644 - __main__ - INFO - Status updated: Starting Telegram bot subprocess..., Connected as @yupienfess
2025-05-02 00:18:58,647 - __main__ - INFO - Starting Telegram bot subprocess...
2025-05-02 00:18:58,649 - __main__ - INFO - Telegram bot subprocess started with PID 6397
2025-05-02 00:18:58,652 - __main__ - INFO - Status updated: Telegram bot running (PID: 6397), Connected as @yupienfess
2025-05-02 00:18:59,654 - __main__ - WARNING - Telegram bot process exited with code 0
2025-05-02 00:18:59,655 - __main__ - INFO - Status updated: Process exited (code: 0), Connected as @yupienfess
2025-05-02 00:18:59,656 - __main__ - INFO - Restarting Telegram bot process...
2025-05-02 00:18:59,657 - __main__ - INFO - Status updated: Starting Telegram bot subprocess..., Connected as @yupienfess
2025-05-02 00:18:59,657 - __main__ - INFO - Starting Telegram bot subprocess...
2025-05-02 00:18:59,660 - __main__ - INFO - Telegram bot subprocess started with PID 6401
2025-05-02 00:18:59,661 - __main__ - INFO - Status updated: Telegram bot running (PID: 6401), Connected as @yupienfess
2025-05-02 00:19:00,662 - __main__ - WARNING - Telegram bot process exited with code 0
2025-05-02 00:19:00,668 - __main__ - INFO - Status updated: Process exited (code: 0), Connected as @yupienfess
2025-05-02 00:19:00,669 - __main__ - INFO - Restarting Telegram bot process...
2025-05-02 00:19:00,669 - __main__ - INFO - Status updated: Starting Telegram bot subprocess..., Connected as @yupienfess
2025-05-02 00:19:00,670 - __main__ - INFO - Starting Telegram bot subprocess...
2025-05-02 00:19:00,676 - __main__ - INFO - Telegram bot subprocess started with PID 6407
2025-05-02 00:19:00,677 - __main__ - INFO - Status updated: Telegram bot running (PID: 6407), Connected as @yupienfess
2025-05-02 00:19:01,677 - __main__ - WARNING - Telegram bot process exited with code 0
2025-05-02 00:19:01,679 - __main__ - INFO - Status updated: Process exited (code: 0), Connected as @yupienfess
2025-05-02 00:19:01,680 - __main__ - INFO - Restarting Telegram bot process...
2025-05-02 00:19:01,681 - __main__ - INFO - Status updated: Starting Telegram bot subprocess..., Connected as @yupienfess
2025-05-02 00:19:01,682 - __main__ - INFO - Starting Telegram bot subprocess...
2025-05-02 00:19:01,683 - __main__ - INFO - Telegram bot subprocess started with PID 6412
2025-05-02 00:19:01,685 - __main__ - INFO - Status updated: Telegram bot running (PID: 6412), Connected as @yupienfess
2025-05-02 00:19:02,687 - __main__ - WARNING - Telegram bot process exited with code 0
2025-05-02 00:19:02,687 - __main__ - INFO - Status updated: Process exited (code: 0), Connected as @yupienfess
2025-05-02 00:19:02,688 - __main__ - INFO - Restarting Telegram bot process...
2025-05-02 00:19:02,689 - __main__ - INFO - Status updated: Starting Telegram bot subprocess..., Connected as @yupienfess
2025-05-02 00:19:02,689 - __main__ - INFO - Starting Telegram bot subprocess...
2025-05-02 00:19:02,690 - __main__ - INFO - Telegram bot subprocess started with PID 6417
2025-05-02 00:19:02,690 - __main__ - INFO - Status updated: Telegram bot running (PID: 6417), Connected as @yupienfess
2025-05-02 00:19:03,692 - __main__ - WARNING - Telegram bot process exited with code 0
2025-05-02 00:19:03,693 - __main__ - INFO - Status updated: Process exited (code: 0), Connected as @yupienfess
2025-05-02 00:19:03,693 - __main__ - INFO - Restarting Telegram bot process...
2025-05-02 00:19:03,693 - __main__ - INFO - Status updated: Starting Telegram bot subprocess..., Connected as @yupienfess
2025-05-02 00:19:03,693 - __main__ - INFO - Starting Telegram bot subprocess...
2025-05-02 00:19:03,694 - __main__ - INFO - Telegram bot subprocess started with PID 6421
2025-05-02 00:19:03,694 - __main__ - INFO - Status updated: Telegram bot running (PID: 6421), Connected as @yupienfess
2025-05-02 00:19:04,695 - __main__ - WARNING - Telegram bot process exited with code 0
2025-05-02 00:19:04,697 - __main__ - INFO - Status updated: Process exited (code: 0), Connected as @yupienfess
2025-05-02 00:19:04,697 - __main__ - INFO - Restarting Telegram bot process...
2025-05-02 00:19:04,698 - __main__ - INFO - Status updated: Starting Telegram bot subprocess..., Connected as @yupienfess
2025-05-02 00:19:04,698 - __main__ - INFO - Starting Telegram bot subprocess...
2025-05-02 00:19:04,699 - __main__ - INFO - Telegram bot subprocess started with PID 6425
2025-05-02 00:19:04,700 - __main__ - INFO - Status updated: Telegram bot running (PID: 6425), Connected as @yupienfess
2025-05-02 00:19:05,700 - __main__ - WARNING - Telegram bot process exited with code 0
2025-05-02 00:19:05,702 - __main__ - INFO - Status updated: Process exited (code: 0), Connected as @yupienfess
2025-05-02 00:19:05,702 - __main__ - INFO - Restarting Telegram bot process...
2025-05-02 00:19:05,703 - __main__ - INFO - Status updated: Starting Telegram bot subprocess..., Connected as @yupienfess
2025-05-02 00:19:05,703 - __main__ - INFO - Starting Telegram bot subprocess...
2025-05-02 00:19:05,704 - __main__ - INFO - Telegram bot subprocess started with PID 6430
2025-05-02 00:19:05,705 - __main__ - INFO - Status updated: Telegram bot running (PID: 6430), Connected as @yupienfess
2025-05-02 00:19:06,706 - __main__ - WARNING - Telegram bot process exited with code 0
2025-05-02 00:19:06,706 - __main__ - INFO - Status updated: Process exited (code: 0), Connected as @yupienfess
2025-05-02 00:19:06,706 - __main__ - INFO - Restarting Telegram bot process...
2025-05-02 00:19:06,707 - __main__ - INFO - Status updated: Starting Telegram bot subprocess..., Connected as @yupienfess
2025-05-02 00:19:06,707 - __main__ - INFO - Starting Telegram bot subprocess...
2025-05-02 00:19:06,707 - __main__ - INFO - Telegram bot subprocess started with PID 6434
2025-05-02 00:19:06,708 - __main__ - INFO - Status updated: Telegram bot running (PID: 6434), Connected as @yupienfess
2025-05-02 00:19:07,710 - __main__ - WARNING - Telegram bot process exited with code 0
2025-05-02 00:19:07,711 - __main__ - INFO - Status updated: Process exited (code: 0), Connected as @yupienfess
2025-05-02 00:19:07,711 - __main__ - INFO - Restarting Telegram bot process...
2025-05-02 00:19:07,711 - __main__ - INFO - Status updated: Starting Telegram bot subprocess..., Connected as @yupienfess
2025-05-02 00:19:07,711 - __main__ - INFO - Starting Telegram bot subprocess...
2025-05-02 00:19:07,712 - __main__ - INFO - Telegram bot subprocess started with PID 6439
2025-05-02 00:19:07,712 - __main__ - INFO - Status updated: Telegram bot running (PID: 6439), Connected as @yupienfess
2025-05-02 00:19:08,712 - __main__ - WARNING - Telegram bot process exited with code 0
2025-05-02 00:19:08,714 - __main__ - INFO - Status updated: Process exited (code: 0), Connected as @yupienfess
2025-05-02 00:19:08,714 - __main__ - INFO - Restarting Telegram bot process...
2025-05-02 00:19:08,715 - __main__ - INFO - Status updated: Starting Telegram bot subprocess..., Connected as @yupienfess
2025-05-02 00:19:08,715 - __main__ - INFO - Starting Telegram bot subprocess...
2025-05-02 00:19:08,715 - __main__ - INFO - Telegram bot subprocess started with PID 6444
2025-05-02 00:19:08,716 - __main__ - INFO - Status updated: Telegram bot running (PID: 6444), Connected as @yupienfess
2025-05-02 00:19:09,716 - __main__ - WARNING - Telegram bot process exited with code 0
2025-05-02 00:19:09,718 - __main__ - INFO - Status updated: Process exited (code: 0), Connected as @yupienfess
2025-05-02 00:19:09,719 - __main__ - INFO - Restarting Telegram bot process...
2025-05-02 00:19:09,720 - __main__ - INFO - Status updated: Starting Telegram bot subprocess..., Connected as @yupienfess
2025-05-02 00:19:09,721 - __main__ - INFO - Starting Telegram bot subprocess...
2025-05-02 00:19:09,726 - __main__ - INFO - Telegram bot subprocess started with PID 6449
2025-05-02 00:19:09,728 - __main__ - INFO - Status updated: Telegram bot running (PID: 6449), Connected as @yupienfess
2025-05-02 00:19:10,729 - __main__ - WARNING - Telegram bot process exited with code 0
2025-05-02 00:19:10,730 - __main__ - INFO - Status updated: Process exited (code: 0), Connected as @yupienfess
2025-05-02 00:19:10,730 - __main__ - INFO - Restarting Telegram bot process...
2025-05-02 00:19:10,731 - __main__ - INFO - Status updated: Starting Telegram bot subprocess..., Connected as @yupienfess
2025-05-02 00:19:10,732 - __main__ - INFO - Starting Telegram bot subprocess...
2025-05-02 00:19:10,732 - __main__ - INFO - Telegram bot subprocess started with PID 6454
2025-05-02 00:19:10,733 - __main__ - INFO - Status updated: Telegram bot running (PID: 6454), Connected as @yupienfess
2025-05-02 00:19:11,734 - __main__ - WARNING - Telegram bot process exited with code 0
2025-05-02 00:19:11,736 - __main__ - INFO - Status updated: Process exited (code: 0), Connected as @yupienfess
2025-05-02 00:19:11,736 - __main__ - INFO - Restarting Telegram bot process...
2025-05-02 00:19:11,737 - __main__ - INFO - Status updated: Starting Telegram bot subprocess..., Connected as @yupienfess
2025-05-02 00:19:11,737 - __main__ - INFO - Starting Telegram bot subprocess...
2025-05-02 00:19:11,737 - __main__ - INFO - Telegram bot subprocess started with PID 6459
2025-05-02 00:19:11,738 - __main__ - INFO - Status updated: Telegram bot running (PID: 6459), Connected as @yupienfess
2025-05-02 00:19:12,739 - __main__ - WARNING - Telegram bot process exited with code 0
2025-05-02 00:19:12,741 - __main__ - INFO - Status updated: Process exited (code: 0), Connected as @yupienfess
2025-05-02 00:19:12,741 - __main__ - INFO - Restarting Telegram bot process...
2025-05-02 00:19:12,742 - __main__ - INFO - Status updated: Starting Telegram bot subprocess..., Connected as @yupienfess
2025-05-02 00:19:12,742 - __main__ - INFO - Starting Telegram bot subprocess...
2025-05-02 00:19:12,744 - __main__ - INFO - Telegram bot subprocess started with PID 6464
2025-05-02 00:19:12,745 - __main__ - INFO - Status updated: Telegram bot running (PID: 6464), Connected as @yupienfess
2025-05-02 00:19:13,745 - __main__ - WARNING - Telegram bot process exited with code 0
2025-05-02 00:19:13,746 - __main__ - INFO - Status updated: Process exited (code: 0), Connected as @yupienfess
2025-05-02 00:19:13,747 - __main__ - INFO - Restarting Telegram bot process...
2025-05-02 00:19:13,748 - __main__ - INFO - Status updated: Starting Telegram bot subprocess..., Connected as @yupienfess
2025-05-02 00:19:13,748 - __main__ - INFO - Starting Telegram bot subprocess...
2025-05-02 00:19:13,749 - __main__ - INFO - Telegram bot subprocess started with PID 6469
2025-05-02 00:19:13,751 - __main__ - INFO - Status updated: Telegram bot running (PID: 6469), Connected as @yupienfess
2025-05-02 00:19:14,751 - __main__ - WARNING - Telegram bot process exited with code 0
2025-05-02 00:19:14,752 - __main__ - INFO - Status updated: Process exited (code: 0), Connected as @yupienfess
2025-05-02 00:19:14,752 - __main__ - INFO - Restarting Telegram bot process...
2025-05-02 00:19:14,753 - __main__ - INFO - Status updated: Starting Telegram bot subprocess..., Connected as @yupienfess
2025-05-02 00:19:14,753 - __main__ - INFO - Starting Telegram bot subprocess...
2025-05-02 00:19:14,756 - __main__ - INFO - Telegram bot subprocess started with PID 6475
2025-05-02 00:19:14,756 - __main__ - INFO - Status updated: Telegram bot running (PID: 6475), Connected as @yupienfess
2025-05-02 00:19:15,756 - __main__ - WARNING - Telegram bot process exited with code 0
2025-05-02 00:19:15,764 - __main__ - INFO - Status updated: Process exited (code: 0), Connected as @yupienfess
2025-05-02 00:19:15,765 - __main__ - INFO - Restarting Telegram bot process...
2025-05-02 00:19:15,766 - __main__ - INFO - Status updated: Starting Telegram bot subprocess..., Connected as @yupienfess
2025-05-02 00:19:15,766 - __main__ - INFO - Starting Telegram bot subprocess...
2025-05-02 00:19:15,774 - __main__ - INFO - Telegram bot subprocess started with PID 6479
2025-05-02 00:19:15,775 - __main__ - INFO - Status updated: Telegram bot running (PID: 6479), Connected as @yupienfess
2025-05-02 00:19:16,776 - __main__ - WARNING - Telegram bot process exited with code 0
2025-05-02 00:19:16,777 - __main__ - INFO - Status updated: Process exited (code: 0), Connected as @yupienfess
2025-05-02 00:19:16,778 - __main__ - INFO - Restarting Telegram bot process...
2025-05-02 00:19:16,778 - __main__ - INFO - Status updated: Starting Telegram bot subprocess..., Connected as @yupienfess
2025-05-02 00:19:16,779 - __main__ - INFO - Starting Telegram bot subprocess...
2025-05-02 00:19:16,779 - __main__ - INFO - Telegram bot subprocess started with PID 6483
2025-05-02 00:19:16,780 - __main__ - INFO - Status updated: Telegram bot running (PID: 6483), Connected as @yupienfess
2025-05-02 00:19:17,780 - __main__ - WARNING - Telegram bot process exited with code 0
2025-05-02 00:19:17,781 - __main__ - INFO - Status updated: Process exited (code: 0), Connected as @yupienfess
2025-05-02 00:19:17,781 - __main__ - INFO - Restarting Telegram bot process...
2025-05-02 00:19:17,781 - __main__ - INFO - Status updated: Starting Telegram bot subprocess..., Connected as @yupienfess
2025-05-02 00:19:17,781 - __main__ - INFO - Starting Telegram bot subprocess...
2025-05-02 00:19:17,782 - __main__ - INFO - Telegram bot subprocess started with PID 6488
2025-05-02 00:19:17,782 - __main__ - INFO - Status updated: Telegram bot running (PID: 6488), Connected as @yupienfess
2025-05-02 00:19:18,783 - __main__ - WARNING - Telegram bot process exited with code 0
2025-05-02 00:19:18,785 - __main__ - INFO - Status updated: Process exited (code: 0), Connected as @yupienfess
2025-05-02 00:19:18,785 - __main__ - INFO - Restarting Telegram bot process...
2025-05-02 00:19:18,785 - __main__ - INFO - Status updated: Starting Telegram bot subprocess..., Connected as @yupienfess
2025-05-02 00:19:18,785 - __main__ - INFO - Starting Telegram bot subprocess...
2025-05-02 00:19:18,786 - __main__ - INFO - Telegram bot subprocess started with PID 6493
2025-05-02 00:19:18,786 - __main__ - INFO - Status updated: Telegram bot running (PID: 6493), Connected as @yupienfess
2025-05-02 00:19:19,786 - __main__ - WARNING - Telegram bot process exited with code 0
2025-05-02 00:19:19,787 - __main__ - INFO - Status updated: Process exited (code: 0), Connected as @yupienfess
2025-05-02 00:19:19,787 - __main__ - INFO - Restarting Telegram bot process...
2025-05-02 00:19:19,788 - __main__ - INFO - Status updated: Starting Telegram bot subprocess..., Connected as @yupienfess
2025-05-02 00:19:19,788 - __main__ - INFO - Starting Telegram bot subprocess...
2025-05-02 00:19:19,788 - __main__ - INFO - Telegram bot subprocess started with PID 6513
2025-05-02 00:19:19,789 - __main__ - INFO - Status updated: Telegram bot running (PID: 6513), Connected as @yupienfess
2025-05-02 00:19:20,789 - __main__ - WARNING - Telegram bot process exited with code 0
2025-05-02 00:19:20,790 - __main__ - INFO - Status updated: Process exited (code: 0), Connected as @yupienfess
2025-05-02 00:19:20,790 - __main__ - INFO - Restarting Telegram bot process...
2025-05-02 00:19:20,790 - __main__ - INFO - Status updated: Starting Telegram bot subprocess..., Connected as @yupienfess
2025-05-02 00:19:20,791 - __main__ - INFO - Starting Telegram bot subprocess...
2025-05-02 00:19:20,791 - __main__ - INFO - Telegram bot subprocess started with PID 6518
2025-05-02 00:19:20,792 - __main__ - INFO - Status updated: Telegram bot running (PID: 6518), Connected as @yupienfess
2025-05-02 00:19:21,792 - __main__ - WARNING - Telegram bot process exited with code 0
2025-05-02 00:19:21,792 - __main__ - INFO - Status updated: Process exited (code: 0), Connected as @yupienfess
2025-05-02 00:19:21,793 - __main__ - INFO - Restarting Telegram bot process...
2025-05-02 00:19:21,793 - __main__ - INFO - Status updated: Starting Telegram bot subprocess..., Connected as @yupienfess
2025-05-02 00:19:21,793 - __main__ - INFO - Starting Telegram bot subprocess...
2025-05-02 00:19:21,794 - __main__ - INFO - Telegram bot subprocess started with PID 6523
2025-05-02 00:19:21,795 - __main__ - INFO - Status updated: Telegram bot running (PID: 6523), Connected as @yupienfess
2025-05-02 00:19:22,795 - __main__ - WARNING - Telegram bot process exited with code 0
2025-05-02 00:19:22,796 - __main__ - INFO - Status updated: Process exited (code: 0), Connected as @yupienfess
2025-05-02 00:19:22,796 - __main__ - INFO - Restarting Telegram bot process...
2025-05-02 00:19:22,796 - __main__ - INFO - Status updated: Starting Telegram bot subprocess..., Connected as @yupienfess
2025-05-02 00:19:22,796 - __main__ - INFO - Starting Telegram bot subprocess...
2025-05-02 00:19:22,797 - __main__ - INFO - Telegram bot subprocess started with PID 6528
2025-05-02 00:19:22,797 - __main__ - INFO - Status updated: Telegram bot running (PID: 6528), Connected as @yupienfess
2025-05-02 00:19:23,798 - __main__ - WARNING - Telegram bot process exited with code 0
2025-05-02 00:19:23,799 - __main__ - INFO - Status updated: Process exited (code: 0), Connected as @yupienfess
2025-05-02 00:19:23,799 - __main__ - INFO - Restarting Telegram bot process...
2025-05-02 00:19:23,801 - __main__ - INFO - Status updated: Starting Telegram bot subprocess..., Connected as @yupienfess
2025-05-02 00:19:23,801 - __main__ - INFO - Starting Telegram bot subprocess...
2025-05-02 00:19:23,802 - __main__ - INFO - Telegram bot subprocess started with PID 6533
2025-05-02 00:19:23,802 - __main__ - INFO - Status updated: Telegram bot running (PID: 6533), Connected as @yupienfess
2025-05-02 00:19:24,802 - __main__ - WARNING - Telegram bot process exited with code 0
2025-05-02 00:19:24,803 - __main__ - INFO - Status updated: Process exited (code: 0), Connected as @yupienfess
2025-05-02 00:19:24,803 - __main__ - INFO - Restarting Telegram bot process...
2025-05-02 00:19:24,804 - __main__ - INFO - Status updated: Starting Telegram bot subprocess..., Connected as @yupienfess
2025-05-02 00:19:24,804 - __main__ - INFO - Starting Telegram bot subprocess...
2025-05-02 00:19:24,804 - __main__ - INFO - Telegram bot subprocess started with PID 6538
2025-05-02 00:19:24,805 - __main__ - INFO - Status updated: Telegram bot running (PID: 6538), Connected as @yupienfess
2025-05-02 00:19:25,805 - __main__ - WARNING - Telegram bot process exited with code 0
2025-05-02 00:19:25,806 - __main__ - INFO - Status updated: Process exited (code: 0), Connected as @yupienfess
2025-05-02 00:19:25,806 - __main__ - INFO - Restarting Telegram bot process...
2025-05-02 00:19:25,806 - __main__ - INFO - Status updated: Starting Telegram bot subprocess..., Connected as @yupienfess
2025-05-02 00:19:25,806 - __main__ - INFO - Starting Telegram bot subprocess...
2025-05-02 00:19:25,807 - __main__ - INFO - Telegram bot subprocess started with PID 6543
2025-05-02 00:19:25,808 - __main__ - INFO - Status updated: Telegram bot running (PID: 6543), Connected as @yupienfess
2025-05-02 00:19:26,808 - __main__ - WARNING - Telegram bot process exited with code 0
2025-05-02 00:19:26,809 - __main__ - INFO - Status updated: Process exited (code: 0), Connected as @yupienfess
2025-05-02 00:19:26,809 - __main__ - INFO - Restarting Telegram bot process...
2025-05-02 00:19:26,810 - __main__ - INFO - Status updated: Starting Telegram bot subprocess..., Connected as @yupienfess
2025-05-02 00:19:26,810 - __main__ - INFO - Starting Telegram bot subprocess...
2025-05-02 00:19:26,810 - __main__ - INFO - Telegram bot subprocess started with PID 6548
2025-05-02 00:19:26,811 - __main__ - INFO - Status updated: Telegram bot running (PID: 6548), Connected as @yupienfess
2025-05-02 00:19:27,811 - __main__ - WARNING - Telegram bot process exited with code 0
2025-05-02 00:19:27,812 - __main__ - INFO - Status updated: Process exited (code: 0), Connected as @yupienfess
2025-05-02 00:19:27,812 - __main__ - INFO - Restarting Telegram bot process...
2025-05-02 00:19:27,812 - __main__ - INFO - Status updated: Starting Telegram bot subprocess..., Connected as @yupienfess
2025-05-02 00:19:27,813 - __main__ - INFO - Starting Telegram bot subprocess...
2025-05-02 00:19:27,814 - __main__ - INFO - Telegram bot subprocess started with PID 6553
2025-05-02 00:19:27,814 - __main__ - INFO - Status updated: Telegram bot running (PID: 6553), Connected as @yupienfess
2025-05-02 00:19:28,814 - __main__ - WARNING - Telegram bot process exited with code 0
2025-05-02 00:19:28,816 - __main__ - INFO - Status updated: Process exited (code: 0), Connected as @yupienfess
2025-05-02 00:19:28,816 - __main__ - INFO - Restarting Telegram bot process...
2025-05-02 00:19:28,817 - __main__ - INFO - Status updated: Starting Telegram bot subprocess..., Connected as @yupienfess
2025-05-02 00:19:28,817 - __main__ - INFO - Starting Telegram bot subprocess...
2025-05-02 00:19:28,818 - __main__ - INFO - Telegram bot subprocess started with PID 6558
2025-05-02 00:19:28,819 - __main__ - INFO - Status updated: Telegram bot running (PID: 6558), Connected as @yupienfess
2025-05-02 00:19:29,819 - __main__ - WARNING - Telegram bot process exited with code 0
2025-05-02 00:19:29,820 - __main__ - INFO - Status updated: Process exited (code: 0), Connected as @yupienfess
2025-05-02 00:19:29,820 - __main__ - INFO - Restarting Telegram bot process...
2025-05-02 00:19:29,821 - __main__ - INFO - Status updated: Starting Telegram bot subprocess..., Connected as @yupienfess
2025-05-02 00:19:29,821 - __main__ - INFO - Starting Telegram bot subprocess...
2025-05-02 00:19:29,822 - __main__ - INFO - Telegram bot subprocess started with PID 6563
2025-05-02 00:19:29,823 - __main__ - INFO - Status updated: Telegram bot running (PID: 6563), Connected as @yupienfess
2025-05-02 00:19:30,825 - __main__ - WARNING - Telegram bot process exited with code 0
2025-05-02 00:19:30,825 - __main__ - INFO - Status updated: Process exited (code: 0), Connected as @yupienfess
2025-05-02 00:19:30,825 - __main__ - INFO - Restarting Telegram bot process...
2025-05-02 00:19:30,826 - __main__ - INFO - Status updated: Starting Telegram bot subprocess..., Connected as @yupienfess
2025-05-02 00:19:30,826 - __main__ - INFO - Starting Telegram bot subprocess...
2025-05-02 00:19:30,827 - __main__ - INFO - Telegram bot subprocess started with PID 6568
2025-05-02 00:19:30,827 - __main__ - INFO - Status updated: Telegram bot running (PID: 6568), Connected as @yupienfess
2025-05-02 00:19:31,828 - __main__ - WARNING - Telegram bot process exited with code 0
2025-05-02 00:19:31,828 - __main__ - INFO - Status updated: Process exited (code: 0), Connected as @yupienfess
2025-05-02 00:19:31,829 - __main__ - INFO - Restarting Telegram bot process...
2025-05-02 00:19:31,829 - __main__ - INFO - Status updated: Starting Telegram bot subprocess..., Connected as @yupienfess
2025-05-02 00:19:31,829 - __main__ - INFO - Starting Telegram bot subprocess...
2025-05-02 00:19:31,830 - __main__ - INFO - Telegram bot subprocess started with PID 6573
2025-05-02 00:19:31,830 - __main__ - INFO - Status updated: Telegram bot running (PID: 6573), Connected as @yupienfess
2025-05-02 00:19:32,831 - __main__ - WARNING - Telegram bot process exited with code 0
2025-05-02 00:19:32,831 - __main__ - INFO - Status updated: Process exited (code: 0), Connected as @yupienfess
2025-05-02 00:19:32,832 - __main__ - INFO - Restarting Telegram bot process...
2025-05-02 00:19:32,832 - __main__ - INFO - Status updated: Starting Telegram bot subprocess..., Connected as @yupienfess
2025-05-02 00:19:32,832 - __main__ - INFO - Starting Telegram bot subprocess...
2025-05-02 00:19:32,833 - __main__ - INFO - Telegram bot subprocess started with PID 6578
2025-05-02 00:19:32,833 - __main__ - INFO - Status updated: Telegram bot running (PID: 6578), Connected as @yupienfess
2025-05-02 00:19:33,833 - __main__ - WARNING - Telegram bot process exited with code 0
2025-05-02 00:19:33,834 - __main__ - INFO - Status updated: Process exited (code: 0), Connected as @yupienfess
2025-05-02 00:19:33,834 - __main__ - INFO - Restarting Telegram bot process...
2025-05-02 00:19:33,835 - __main__ - INFO - Status updated: Starting Telegram bot subprocess..., Connected as @yupienfess
2025-05-02 00:19:33,835 - __main__ - INFO - Starting Telegram bot subprocess...
2025-05-02 00:19:33,836 - __main__ - INFO - Telegram bot subprocess started with PID 6582
2025-05-02 00:19:33,836 - __main__ - INFO - Status updated: Telegram bot running (PID: 6582), Connected as @yupienfess
2025-05-02 00:19:34,837 - __main__ - WARNING - Telegram bot process exited with code 0
2025-05-02 00:19:34,838 - __main__ - INFO - Status updated: Process exited (code: 0), Connected as @yupienfess
2025-05-02 00:19:34,838 - __main__ - INFO - Restarting Telegram bot process...
2025-05-02 00:19:34,838 - __main__ - INFO - Status updated: Starting Telegram bot subprocess..., Connected as @yupienfess
2025-05-02 00:19:34,838 - __main__ - INFO - Starting Telegram bot subprocess...
2025-05-02 00:19:34,839 - __main__ - INFO - Telegram bot subprocess started with PID 6587
2025-05-02 00:19:34,839 - __main__ - INFO - Status updated: Telegram bot running (PID: 6587), Connected as @yupienfess
2025-05-02 00:19:35,840 - __main__ - WARNING - Telegram bot process exited with code 0
2025-05-02 00:19:35,841 - __main__ - INFO - Status updated: Process exited (code: 0), Connected as @yupienfess
2025-05-02 00:19:35,841 - __main__ - INFO - Restarting Telegram bot process...
2025-05-02 00:19:35,842 - __main__ - INFO - Status updated: Starting Telegram bot subprocess..., Connected as @yupienfess
2025-05-02 00:19:35,842 - __main__ - INFO - Starting Telegram bot subprocess...
2025-05-02 00:19:35,843 - __main__ - INFO - Telegram bot subprocess started with PID 6592
2025-05-02 00:19:35,844 - __main__ - INFO - Status updated: Telegram bot running (PID: 6592), Connected as @yupienfess
2025-05-02 00:19:36,844 - __main__ - WARNING - Telegram bot process exited with code 0
2025-05-02 00:19:36,846 - __main__ - INFO - Status updated: Process exited (code: 0), Connected as @yupienfess
2025-05-02 00:19:36,846 - __main__ - INFO - Restarting Telegram bot process...
2025-05-02 00:19:36,847 - __main__ - INFO - Status updated: Starting Telegram bot subprocess..., Connected as @yupienfess
2025-05-02 00:19:36,847 - __main__ - INFO - Starting Telegram bot subprocess...
2025-05-02 00:19:36,848 - __main__ - INFO - Telegram bot subprocess started with PID 6597
2025-05-02 00:19:36,849 - __main__ - INFO - Status updated: Telegram bot running (PID: 6597), Connected as @yupienfess
2025-05-02 00:19:37,849 - __main__ - WARNING - Telegram bot process exited with code 0
2025-05-02 00:19:37,850 - __main__ - INFO - Status updated: Process exited (code: 0), Connected as @yupienfess
2025-05-02 00:19:37,850 - __main__ - INFO - Restarting Telegram bot process...
2025-05-02 00:19:37,851 - __main__ - INFO - Status updated: Starting Telegram bot subprocess..., Connected as @yupienfess
2025-05-02 00:19:37,851 - __main__ - INFO - Starting Telegram bot subprocess...
2025-05-02 00:19:37,852 - __main__ - INFO - Telegram bot subprocess started with PID 6602
2025-05-02 00:19:37,852 - __main__ - INFO - Status updated: Telegram bot running (PID: 6602), Connected as @yupienfess
2025-05-02 00:19:38,852 - __main__ - WARNING - Telegram bot process exited with code 0
2025-05-02 00:19:38,853 - __main__ - INFO - Status updated: Process exited (code: 0), Connected as @yupienfess
2025-05-02 00:19:38,853 - __main__ - INFO - Restarting Telegram bot process...
2025-05-02 00:19:38,854 - __main__ - INFO - Status updated: Starting Telegram bot subprocess..., Connected as @yupienfess
2025-05-02 00:19:38,854 - __main__ - INFO - Starting Telegram bot subprocess...
2025-05-02 00:19:38,855 - __main__ - INFO - Telegram bot subprocess started with PID 6607
2025-05-02 00:19:38,855 - __main__ - INFO - Status updated: Telegram bot running (PID: 6607), Connected as @yupienfess
2025-05-02 00:19:39,855 - __main__ - WARNING - Telegram bot process exited with code 0
2025-05-02 00:19:39,856 - __main__ - INFO - Status updated: Process exited (code: 0), Connected as @yupienfess
2025-05-02 00:19:39,856 - __main__ - INFO - Restarting Telegram bot process...
2025-05-02 00:19:39,856 - __main__ - INFO - Status updated: Starting Telegram bot subprocess..., Connected as @yupienfess
2025-05-02 00:19:39,857 - __main__ - INFO - Starting Telegram bot subprocess...
2025-05-02 00:19:39,857 - __main__ - INFO - Telegram bot subprocess started with PID 6612
2025-05-02 00:19:39,857 - __main__ - INFO - Status updated: Telegram bot running (PID: 6612), Connected as @yupienfess
2025-05-02 00:19:40,858 - __main__ - WARNING - Telegram bot process exited with code 0
2025-05-02 00:19:40,859 - __main__ - INFO - Status updated: Process exited (code: 0), Connected as @yupienfess
2025-05-02 00:19:40,859 - __main__ - INFO - Restarting Telegram bot process...
2025-05-02 00:19:40,859 - __main__ - INFO - Status updated: Starting Telegram bot subprocess..., Connected as @yupienfess
2025-05-02 00:19:40,859 - __main__ - INFO - Starting Telegram bot subprocess...
2025-05-02 00:19:40,860 - __main__ - INFO - Telegram bot subprocess started with PID 6617
2025-05-02 00:19:40,860 - __main__ - INFO - Status updated: Telegram bot running (PID: 6617), Connected as @yupienfess
2025-05-02 00:19:41,860 - __main__ - WARNING - Telegram bot process exited with code 0
2025-05-02 00:19:41,862 - __main__ - INFO - Status updated: Process exited (code: 0), Connected as @yupienfess
2025-05-02 00:19:41,863 - __main__ - INFO - Restarting Telegram bot process...
2025-05-02 00:19:41,864 - __main__ - INFO - Status updated: Starting Telegram bot subprocess..., Connected as @yupienfess
2025-05-02 00:19:41,864 - __main__ - INFO - Starting Telegram bot subprocess...
2025-05-02 00:19:41,865 - __main__ - INFO - Telegram bot subprocess started with PID 6622
2025-05-02 00:19:41,866 - __main__ - INFO - Status updated: Telegram bot running (PID: 6622), Connected as @yupienfess
2025-05-02 00:19:42,866 - __main__ - WARNING - Telegram bot process exited with code 0
2025-05-02 00:19:42,868 - __main__ - INFO - Status updated: Process exited (code: 0), Connected as @yupienfess
2025-05-02 00:19:42,868 - __main__ - INFO - Restarting Telegram bot process...
2025-05-02 00:19:42,869 - __main__ - INFO - Status updated: Starting Telegram bot subprocess..., Connected as @yupienfess
2025-05-02 00:19:42,869 - __main__ - INFO - Starting Telegram bot subprocess...
2025-05-02 00:19:42,870 - __main__ - INFO - Telegram bot subprocess started with PID 6626
2025-05-02 00:19:42,870 - __main__ - INFO - Status updated: Telegram bot running (PID: 6626), Connected as @yupienfess
2025-05-02 00:19:43,871 - __main__ - WARNING - Telegram bot process exited with code 0
2025-05-02 00:19:43,871 - __main__ - INFO - Status updated: Process exited (code: 0), Connected as @yupienfess
2025-05-02 00:19:43,872 - __main__ - INFO - Restarting Telegram bot process...
2025-05-02 00:19:43,872 - __main__ - INFO - Status updated: Starting Telegram bot subprocess..., Connected as @yupienfess
2025-05-02 00:19:43,873 - __main__ - INFO - Starting Telegram bot subprocess...
2025-05-02 00:19:43,873 - __main__ - INFO - Telegram bot subprocess started with PID 6631
2025-05-02 00:19:43,873 - __main__ - INFO - Status updated: Telegram bot running (PID: 6631), Connected as @yupienfess
2025-05-02 00:19:44,875 - __main__ - WARNING - Telegram bot process exited with code 0
2025-05-02 00:19:44,875 - __main__ - INFO - Status updated: Process exited (code: 0), Connected as @yupienfess
2025-05-02 00:19:44,876 - __main__ - INFO - Restarting Telegram bot process...
2025-05-02 00:19:44,876 - __main__ - INFO - Status updated: Starting Telegram bot subprocess..., Connected as @yupienfess
2025-05-02 00:19:44,876 - __main__ - INFO - Starting Telegram bot subprocess...
2025-05-02 00:19:44,877 - __main__ - INFO - Telegram bot subprocess started with PID 6636
2025-05-02 00:19:44,877 - __main__ - INFO - Status updated: Telegram bot running (PID: 6636), Connected as @yupienfess
2025-05-02 00:19:45,878 - __main__ - WARNING - Telegram bot process exited with code 0
2025-05-02 00:19:45,879 - __main__ - INFO - Status updated: Process exited (code: 0), Connected as @yupienfess
2025-05-02 00:19:45,879 - __main__ - INFO - Restarting Telegram bot process...
2025-05-02 00:19:45,880 - __main__ - INFO - Status updated: Starting Telegram bot subprocess..., Connected as @yupienfess
2025-05-02 00:19:45,880 - __main__ - INFO - Starting Telegram bot subprocess...
2025-05-02 00:19:45,880 - __main__ - INFO - Telegram bot subprocess started with PID 6641
2025-05-02 00:19:45,881 - __main__ - INFO - Status updated: Telegram bot running (PID: 6641), Connected as @yupienfess
2025-05-02 00:19:46,881 - __main__ - WARNING - Telegram bot process exited with code 0
2025-05-02 00:19:46,890 - __main__ - INFO - Status updated: Process exited (code: 0), Connected as @yupienfess
2025-05-02 00:19:46,890 - __main__ - INFO - Restarting Telegram bot process...
2025-05-02 00:19:46,890 - __main__ - INFO - Status updated: Starting Telegram bot subprocess..., Connected as @yupienfess
2025-05-02 00:19:46,891 - __main__ - INFO - Starting Telegram bot subprocess...
2025-05-02 00:19:46,891 - __main__ - INFO - Telegram bot subprocess started with PID 6646
2025-05-02 00:19:46,892 - __main__ - INFO - Status updated: Telegram bot running (PID: 6646), Connected as @yupienfess
2025-05-02 00:19:47,892 - __main__ - WARNING - Telegram bot process exited with code 0
2025-05-02 00:19:47,895 - __main__ - INFO - Status updated: Process exited (code: 0), Connected as @yupienfess
2025-05-02 00:19:47,895 - __main__ - INFO - Restarting Telegram bot process...
2025-05-02 00:19:47,895 - __main__ - INFO - Status updated: Starting Telegram bot subprocess..., Connected as @yupienfess
2025-05-02 00:19:47,896 - __main__ - INFO - Starting Telegram bot subprocess...
2025-05-02 00:19:47,896 - __main__ - INFO - Telegram bot subprocess started with PID 6651
2025-05-02 00:19:47,896 - __main__ - INFO - Status updated: Telegram bot running (PID: 6651), Connected as @yupienfess
2025-05-02 00:19:48,897 - __main__ - WARNING - Telegram bot process exited with code 0
2025-05-02 00:19:48,930 - __main__ - INFO - Status updated: Process exited (code: 0), Connected as @yupienfess
2025-05-02 00:19:48,931 - __main__ - INFO - Restarting Telegram bot process...
2025-05-02 00:19:48,931 - __main__ - INFO - Status updated: Starting Telegram bot subprocess..., Connected as @yupienfess
2025-05-02 00:19:48,933 - __main__ - INFO - Starting Telegram bot subprocess...
2025-05-02 00:19:48,934 - __main__ - INFO - Telegram bot subprocess started with PID 6655
2025-05-02 00:19:48,936 - __main__ - INFO - Status updated: Telegram bot running (PID: 6655), Connected as @yupienfess
2025-05-02 00:19:49,936 - __main__ - WARNING - Telegram bot process exited with code 0
2025-05-02 00:19:49,937 - __main__ - INFO - Status updated: Process exited (code: 0), Connected as @yupienfess
2025-05-02 00:19:49,937 - __main__ - INFO - Restarting Telegram bot process...
2025-05-02 00:19:49,937 - __main__ - INFO - Status updated: Starting Telegram bot subprocess..., Connected as @yupienfess
2025-05-02 00:19:49,937 - __main__ - INFO - Starting Telegram bot subprocess...
2025-05-02 00:19:49,938 - __main__ - INFO - Telegram bot subprocess started with PID 6660
2025-05-02 00:19:49,938 - __main__ - INFO - Status updated: Telegram bot running (PID: 6660), Connected as @yupienfess
2025-05-02 00:19:50,938 - __main__ - WARNING - Telegram bot process exited with code 0
2025-05-02 00:19:50,939 - __main__ - INFO - Status updated: Process exited (code: 0), Connected as @yupienfess
2025-05-02 00:19:50,939 - __main__ - INFO - Restarting Telegram bot process...
2025-05-02 00:19:50,940 - __main__ - INFO - Status updated: Starting Telegram bot subprocess..., Connected as @yupienfess
2025-05-02 00:19:50,940 - __main__ - INFO - Starting Telegram bot subprocess...
2025-05-02 00:19:50,941 - __main__ - INFO - Telegram bot subprocess started with PID 6665
2025-05-02 00:19:50,942 - __main__ - INFO - Status updated: Telegram bot running (PID: 6665), Connected as @yupienfess
2025-05-02 00:19:51,942 - __main__ - WARNING - Telegram bot process exited with code 0
2025-05-02 00:19:51,944 - __main__ - INFO - Status updated: Process exited (code: 0), Connected as @yupienfess
2025-05-02 00:19:51,944 - __main__ - INFO - Restarting Telegram bot process...
2025-05-02 00:19:51,945 - __main__ - INFO - Status updated: Starting Telegram bot subprocess..., Connected as @yupienfess
2025-05-02 00:19:51,945 - __main__ - INFO - Starting Telegram bot subprocess...
2025-05-02 00:19:51,946 - __main__ - INFO - Telegram bot subprocess started with PID 6671
2025-05-02 00:19:51,947 - __main__ - INFO - Status updated: Telegram bot running (PID: 6671), Connected as @yupienfess
2025-05-02 00:19:52,947 - __main__ - WARNING - Telegram bot process exited with code 0
2025-05-02 00:19:52,951 - __main__ - INFO - Status updated: Process exited (code: 0), Connected as @yupienfess
2025-05-02 00:19:52,951 - __main__ - INFO - Restarting Telegram bot process...
2025-05-02 00:19:52,952 - __main__ - INFO - Status updated: Starting Telegram bot subprocess..., Connected as @yupienfess
2025-05-02 00:19:52,953 - __main__ - INFO - Starting Telegram bot subprocess...
2025-05-02 00:19:52,953 - __main__ - INFO - Telegram bot subprocess started with PID 6676
2025-05-02 00:19:52,953 - __main__ - INFO - Status updated: Telegram bot running (PID: 6676), Connected as @yupienfess
2025-05-02 00:19:53,954 - __main__ - WARNING - Telegram bot process exited with code 0
2025-05-02 00:19:53,955 - __main__ - INFO - Status updated: Process exited (code: 0), Connected as @yupienfess
2025-05-02 00:19:53,955 - __main__ - INFO - Restarting Telegram bot process...
2025-05-02 00:19:53,956 - __main__ - INFO - Status updated: Starting Telegram bot subprocess..., Connected as @yupienfess
2025-05-02 00:19:53,956 - __main__ - INFO - Starting Telegram bot subprocess...
2025-05-02 00:19:53,957 - __main__ - INFO - Telegram bot subprocess started with PID 6681
2025-05-02 00:19:53,958 - __main__ - INFO - Status updated: Telegram bot running (PID: 6681), Connected as @yupienfess
2025-05-02 00:19:54,958 - __main__ - WARNING - Telegram bot process exited with code 0
2025-05-02 00:19:54,959 - __main__ - INFO - Status updated: Process exited (code: 0), Connected as @yupienfess
2025-05-02 00:19:54,959 - __main__ - INFO - Restarting Telegram bot process...
2025-05-02 00:19:54,959 - __main__ - INFO - Status updated: Starting Telegram bot subprocess..., Connected as @yupienfess
2025-05-02 00:19:54,960 - __main__ - INFO - Starting Telegram bot subprocess...
2025-05-02 00:19:54,962 - __main__ - INFO - Telegram bot subprocess started with PID 6687
2025-05-02 00:19:54,962 - __main__ - INFO - Status updated: Telegram bot running (PID: 6687), Connected as @yupienfess
2025-05-02 00:19:55,962 - __main__ - WARNING - Telegram bot process exited with code 0
2025-05-02 00:19:55,964 - __main__ - INFO - Status updated: Process exited (code: 0), Connected as @yupienfess
2025-05-02 00:19:55,964 - __main__ - INFO - Restarting Telegram bot process...
2025-05-02 00:19:55,965 - __main__ - INFO - Status updated: Starting Telegram bot subprocess..., Connected as @yupienfess
2025-05-02 00:19:55,966 - __main__ - INFO - Starting Telegram bot subprocess...
2025-05-02 00:19:55,966 - __main__ - INFO - Telegram bot subprocess started with PID 6692
2025-05-02 00:19:55,968 - __main__ - INFO - Status updated: Telegram bot running (PID: 6692), Connected as @yupienfess
2025-05-02 00:19:56,968 - __main__ - WARNING - Telegram bot process exited with code 0
2025-05-02 00:19:56,969 - __main__ - INFO - Status updated: Process exited (code: 0), Connected as @yupienfess
2025-05-02 00:19:56,970 - __main__ - INFO - Restarting Telegram bot process...
2025-05-02 00:19:56,970 - __main__ - INFO - Status updated: Starting Telegram bot subprocess..., Connected as @yupienfess
2025-05-02 00:19:56,971 - __main__ - INFO - Starting Telegram bot subprocess...
2025-05-02 00:19:56,971 - __main__ - INFO - Telegram bot subprocess started with PID 6696
2025-05-02 00:19:56,972 - __main__ - INFO - Status updated: Telegram bot running (PID: 6696), Connected as @yupienfess
2025-05-02 00:19:57,973 - __main__ - WARNING - Telegram bot process exited with code 0
2025-05-02 00:19:57,974 - __main__ - INFO - Status updated: Process exited (code: 0), Connected as @yupienfess
2025-05-02 00:19:57,974 - __main__ - INFO - Restarting Telegram bot process...
2025-05-02 00:19:57,974 - __main__ - INFO - Status updated: Starting Telegram bot subprocess..., Connected as @yupienfess
2025-05-02 00:19:57,974 - __main__ - INFO - Starting Telegram bot subprocess...
2025-05-02 00:19:57,976 - __main__ - INFO - Telegram bot subprocess started with PID 6701
2025-05-02 00:19:57,977 - __main__ - INFO - Status updated: Telegram bot running (PID: 6701), Connected as @yupienfess
2025-05-02 00:19:58,977 - __main__ - WARNING - Telegram bot process exited with code 0
2025-05-02 00:19:58,977 - __main__ - INFO - Status updated: Process exited (code: 0), Connected as @yupienfess
2025-05-02 00:19:58,978 - __main__ - INFO - Restarting Telegram bot process...
2025-05-02 00:19:58,978 - __main__ - INFO - Status updated: Starting Telegram bot subprocess..., Connected as @yupienfess
2025-05-02 00:19:58,978 - __main__ - INFO - Starting Telegram bot subprocess...
2025-05-02 00:19:58,980 - __main__ - INFO - Telegram bot subprocess started with PID 6706
2025-05-02 00:19:58,981 - __main__ - INFO - Status updated: Telegram bot running (PID: 6706), Connected as @yupienfess
2025-05-02 00:19:59,981 - __main__ - WARNING - Telegram bot process exited with code 0
2025-05-02 00:19:59,981 - __main__ - INFO - Status updated: Process exited (code: 0), Connected as @yupienfess
2025-05-02 00:19:59,982 - __main__ - INFO - Restarting Telegram bot process...
2025-05-02 00:19:59,982 - __main__ - INFO - Status updated: Starting Telegram bot subprocess..., Connected as @yupienfess
2025-05-02 00:19:59,982 - __main__ - INFO - Starting Telegram bot subprocess...
2025-05-02 00:19:59,983 - __main__ - INFO - Telegram bot subprocess started with PID 6711
2025-05-02 00:19:59,983 - __main__ - INFO - Status updated: Telegram bot running (PID: 6711), Connected as @yupienfess
2025-05-02 00:20:00,983 - __main__ - WARNING - Telegram bot process exited with code 0
2025-05-02 00:20:00,984 - __main__ - INFO - Status updated: Process exited (code: 0), Connected as @yupienfess
2025-05-02 00:20:00,984 - __main__ - INFO - Restarting Telegram bot process...
2025-05-02 00:20:00,984 - __main__ - INFO - Status updated: Starting Telegram bot subprocess..., Connected as @yupienfess
2025-05-02 00:20:00,985 - __main__ - INFO - Starting Telegram bot subprocess...
2025-05-02 00:20:00,985 - __main__ - INFO - Telegram bot subprocess started with PID 6717
2025-05-02 00:20:00,986 - __main__ - INFO - Status updated: Telegram bot running (PID: 6717), Connected as @yupienfess
2025-05-02 00:20:01,986 - __main__ - WARNING - Telegram bot process exited with code 0
2025-05-02 00:20:01,987 - __main__ - INFO - Status updated: Process exited (code: 0), Connected as @yupienfess
2025-05-02 00:20:01,987 - __main__ - INFO - Restarting Telegram bot process...
2025-05-02 00:20:01,987 - __main__ - INFO - Status updated: Starting Telegram bot subprocess..., Connected as @yupienfess
2025-05-02 00:20:01,987 - __main__ - INFO - Starting Telegram bot subprocess...
2025-05-02 00:20:01,988 - __main__ - INFO - Telegram bot subprocess started with PID 6722
2025-05-02 00:20:01,988 - __main__ - INFO - Status updated: Telegram bot running (PID: 6722), Connected as @yupienfess
2025-05-02 00:20:02,989 - __main__ - WARNING - Telegram bot process exited with code 0
2025-05-02 00:20:02,992 - __main__ - INFO - Status updated: Process exited (code: 0), Connected as @yupienfess
2025-05-02 00:20:02,992 - __main__ - INFO - Restarting Telegram bot process...
2025-05-02 00:20:02,992 - __main__ - INFO - Status updated: Starting Telegram bot subprocess..., Connected as @yupienfess
2025-05-02 00:20:02,993 - __main__ - INFO - Starting Telegram bot subprocess...
2025-05-02 00:20:02,994 - __main__ - INFO - Telegram bot subprocess started with PID 6726
2025-05-02 00:20:02,994 - __main__ - INFO - Status updated: Telegram bot running (PID: 6726), Connected as @yupienfess
2025-05-02 00:20:03,995 - __main__ - WARNING - Telegram bot process exited with code 0
2025-05-02 00:20:03,995 - __main__ - INFO - Status updated: Process exited (code: 0), Connected as @yupienfess
2025-05-02 00:20:03,995 - __main__ - INFO - Restarting Telegram bot process...
2025-05-02 00:20:03,995 - __main__ - INFO - Status updated: Starting Telegram bot subprocess..., Connected as @yupienfess
2025-05-02 00:20:03,995 - __main__ - INFO - Starting Telegram bot subprocess...
2025-05-02 00:20:03,996 - __main__ - INFO - Telegram bot subprocess started with PID 6731
2025-05-02 00:20:03,996 - __main__ - INFO - Status updated: Telegram bot running (PID: 6731), Connected as @yupienfess
2025-05-02 00:20:04,996 - __main__ - WARNING - Telegram bot process exited with code 0
2025-05-02 00:20:04,997 - __main__ - INFO - Status updated: Process exited (code: 0), Connected as @yupienfess
2025-05-02 00:20:04,997 - __main__ - INFO - Restarting Telegram bot process...
2025-05-02 00:20:04,997 - __main__ - INFO - Status updated: Starting Telegram bot subprocess..., Connected as @yupienfess
2025-05-02 00:20:04,997 - __main__ - INFO - Starting Telegram bot subprocess...
2025-05-02 00:20:04,998 - __main__ - INFO - Telegram bot subprocess started with PID 6737
2025-05-02 00:20:04,998 - __main__ - INFO - Status updated: Telegram bot running (PID: 6737), Connected as @yupienfess
2025-05-02 00:20:05,999 - __main__ - WARNING - Telegram bot process exited with code 0
2025-05-02 00:20:06,000 - __main__ - INFO - Status updated: Process exited (code: 0), Connected as @yupienfess
2025-05-02 00:20:06,000 - __main__ - INFO - Restarting Telegram bot process...
2025-05-02 00:20:06,000 - __main__ - INFO - Status updated: Starting Telegram bot subprocess..., Connected as @yupienfess
2025-05-02 00:20:06,002 - __main__ - INFO - Starting Telegram bot subprocess...
2025-05-02 00:20:06,011 - __main__ - INFO - Telegram bot subprocess started with PID 6742
2025-05-02 00:20:06,012 - __main__ - INFO - Status updated: Telegram bot running (PID: 6742), Connected as @yupienfess
2025-05-02 00:20:07,012 - __main__ - WARNING - Telegram bot process exited with code 0
2025-05-02 00:20:07,013 - __main__ - INFO - Status updated: Process exited (code: 0), Connected as @yupienfess
2025-05-02 00:20:07,013 - __main__ - INFO - Restarting Telegram bot process...
2025-05-02 00:20:07,014 - __main__ - INFO - Status updated: Starting Telegram bot subprocess..., Connected as @yupienfess
2025-05-02 00:20:07,014 - __main__ - INFO - Starting Telegram bot subprocess...
2025-05-02 00:20:07,016 - __main__ - INFO - Telegram bot subprocess started with PID 6747
2025-05-02 00:20:07,016 - __main__ - INFO - Status updated: Telegram bot running (PID: 6747), Connected as @yupienfess
2025-05-02 00:20:08,018 - __main__ - WARNING - Telegram bot process exited with code 0
2025-05-02 00:20:08,020 - __main__ - INFO - Status updated: Process exited (code: 0), Connected as @yupienfess
2025-05-02 00:20:08,020 - __main__ - INFO - Restarting Telegram bot process...
2025-05-02 00:20:08,021 - __main__ - INFO - Status updated: Starting Telegram bot subprocess..., Connected as @yupienfess
2025-05-02 00:20:08,021 - __main__ - INFO - Starting Telegram bot subprocess...
2025-05-02 00:20:08,021 - __main__ - INFO - Telegram bot subprocess started with PID 6751
2025-05-02 00:20:08,022 - __main__ - INFO - Status updated: Telegram bot running (PID: 6751), Connected as @yupienfess
2025-05-02 00:20:09,022 - __main__ - WARNING - Telegram bot process exited with code 0
2025-05-02 00:20:09,023 - __main__ - INFO - Status updated: Process exited (code: 0), Connected as @yupienfess
2025-05-02 00:20:09,023 - __main__ - INFO - Restarting Telegram bot process...
2025-05-02 00:20:09,024 - __main__ - INFO - Status updated: Starting Telegram bot subprocess..., Connected as @yupienfess
2025-05-02 00:20:09,024 - __main__ - INFO - Starting Telegram bot subprocess...
2025-05-02 00:20:09,024 - __main__ - INFO - Telegram bot subprocess started with PID 6755
2025-05-02 00:20:09,025 - __main__ - INFO - Status updated: Telegram bot running (PID: 6755), Connected as @yupienfess
2025-05-02 00:20:10,025 - __main__ - WARNING - Telegram bot process exited with code 0
2025-05-02 00:20:10,025 - __main__ - INFO - Status updated: Process exited (code: 0), Connected as @yupienfess
2025-05-02 00:20:10,025 - __main__ - INFO - Restarting Telegram bot process...
2025-05-02 00:20:10,026 - __main__ - INFO - Status updated: Starting Telegram bot subprocess..., Connected as @yupienfess
2025-05-02 00:20:10,026 - __main__ - INFO - Starting Telegram bot subprocess...
2025-05-02 00:20:10,027 - __main__ - INFO - Telegram bot subprocess started with PID 6762
2025-05-02 00:20:10,027 - __main__ - INFO - Status updated: Telegram bot running (PID: 6762), Connected as @yupienfess
2025-05-02 00:20:11,028 - __main__ - WARNING - Telegram bot process exited with code 0
2025-05-02 00:20:11,028 - __main__ - INFO - Status updated: Process exited (code: 0), Connected as @yupienfess
2025-05-02 00:20:11,028 - __main__ - INFO - Restarting Telegram bot process...
2025-05-02 00:20:11,029 - __main__ - INFO - Status updated: Starting Telegram bot subprocess..., Connected as @yupienfess
2025-05-02 00:20:11,029 - __main__ - INFO - Starting Telegram bot subprocess...
2025-05-02 00:20:11,029 - __main__ - INFO - Telegram bot subprocess started with PID 6789
2025-05-02 00:20:11,030 - __main__ - INFO - Status updated: Telegram bot running (PID: 6789), Connected as @yupienfess
2025-05-02 00:20:12,030 - __main__ - WARNING - Telegram bot process exited with code 0
2025-05-02 00:20:12,030 - __main__ - INFO - Status updated: Process exited (code: 0), Connected as @yupienfess
2025-05-02 00:20:12,030 - __main__ - INFO - Restarting Telegram bot process...
2025-05-02 00:20:12,031 - __main__ - INFO - Status updated: Starting Telegram bot subprocess..., Connected as @yupienfess
2025-05-02 00:20:12,031 - __main__ - INFO - Starting Telegram bot subprocess...
2025-05-02 00:20:12,031 - __main__ - INFO - Telegram bot subprocess started with PID 6810
2025-05-02 00:20:12,032 - __main__ - INFO - Status updated: Telegram bot running (PID: 6810), Connected as @yupienfess
2025-05-02 00:20:13,032 - __main__ - WARNING - Telegram bot process exited with code 0
2025-05-02 00:20:13,033 - __main__ - INFO - Status updated: Process exited (code: 0), Connected as @yupienfess
2025-05-02 00:20:13,033 - __main__ - INFO - Restarting Telegram bot process...
2025-05-02 00:20:13,033 - __main__ - INFO - Status updated: Starting Telegram bot subprocess..., Connected as @yupienfess
2025-05-02 00:20:13,033 - __main__ - INFO - Starting Telegram bot subprocess...
2025-05-02 00:20:13,034 - __main__ - INFO - Telegram bot subprocess started with PID 6815
2025-05-02 00:20:13,034 - __main__ - INFO - Status updated: Telegram bot running (PID: 6815), Connected as @yupienfess
2025-05-02 00:20:14,034 - __main__ - WARNING - Telegram bot process exited with code 0
2025-05-02 00:20:14,036 - __main__ - INFO - Status updated: Process exited (code: 0), Connected as @yupienfess
2025-05-02 00:20:14,036 - __main__ - INFO - Restarting Telegram bot process...
2025-05-02 00:20:14,036 - __main__ - INFO - Status updated: Starting Telegram bot subprocess..., Connected as @yupienfess
2025-05-02 00:20:14,037 - __main__ - INFO - Starting Telegram bot subprocess...
2025-05-02 00:20:14,037 - __main__ - INFO - Telegram bot subprocess started with PID 6820
2025-05-02 00:20:14,038 - __main__ - INFO - Status updated: Telegram bot running (PID: 6820), Connected as @yupienfess
2025-05-02 00:20:15,038 - __main__ - WARNING - Telegram bot process exited with code 0
2025-05-02 00:20:15,039 - __main__ - INFO - Status updated: Process exited (code: 0), Connected as @yupienfess
2025-05-02 00:20:15,039 - __main__ - INFO - Restarting Telegram bot process...
2025-05-02 00:20:15,040 - __main__ - INFO - Status updated: Starting Telegram bot subprocess..., Connected as @yupienfess
2025-05-02 00:20:15,040 - __main__ - INFO - Starting Telegram bot subprocess...
2025-05-02 00:20:15,040 - __main__ - INFO - Telegram bot subprocess started with PID 6824
2025-05-02 00:20:15,041 - __main__ - INFO - Status updated: Telegram bot running (PID: 6824), Connected as @yupienfess
2025-05-02 00:20:16,041 - __main__ - WARNING - Telegram bot process exited with code 0
2025-05-02 00:20:16,042 - __main__ - INFO - Status updated: Process exited (code: 0), Connected as @yupienfess
2025-05-02 00:20:16,042 - __main__ - INFO - Restarting Telegram bot process...
2025-05-02 00:20:16,042 - __main__ - INFO - Status updated: Starting Telegram bot subprocess..., Connected as @yupienfess
2025-05-02 00:20:16,042 - __main__ - INFO - Starting Telegram bot subprocess...
2025-05-02 00:20:16,043 - __main__ - INFO - Telegram bot subprocess started with PID 6829
2025-05-02 00:20:16,044 - __main__ - INFO - Status updated: Telegram bot running (PID: 6829), Connected as @yupienfess
2025-05-02 00:20:17,044 - __main__ - WARNING - Telegram bot process exited with code 0
2025-05-02 00:20:17,045 - __main__ - INFO - Status updated: Process exited (code: 0), Connected as @yupienfess
2025-05-02 00:20:17,045 - __main__ - INFO - Restarting Telegram bot process...
2025-05-02 00:20:17,046 - __main__ - INFO - Status updated: Starting Telegram bot subprocess..., Connected as @yupienfess
2025-05-02 00:20:17,046 - __main__ - INFO - Starting Telegram bot subprocess...
2025-05-02 00:20:17,047 - __main__ - INFO - Telegram bot subprocess started with PID 6834
2025-05-02 00:20:17,048 - __main__ - INFO - Status updated: Telegram bot running (PID: 6834), Connected as @yupienfess
2025-05-02 00:20:18,048 - __main__ - WARNING - Telegram bot process exited with code 0
2025-05-02 00:20:18,049 - __main__ - INFO - Status updated: Process exited (code: 0), Connected as @yupienfess
2025-05-02 00:20:18,049 - __main__ - INFO - Restarting Telegram bot process...
2025-05-02 00:20:18,049 - __main__ - INFO - Status updated: Starting Telegram bot subprocess..., Connected as @yupienfess
2025-05-02 00:20:18,049 - __main__ - INFO - Starting Telegram bot subprocess...
2025-05-02 00:20:18,050 - __main__ - INFO - Telegram bot subprocess started with PID 6850
2025-05-02 00:20:18,051 - __main__ - INFO - Status updated: Telegram bot running (PID: 6850), Connected as @yupienfess
2025-05-02 00:20:19,051 - __main__ - WARNING - Telegram bot process exited with code 0
2025-05-02 00:20:19,054 - __main__ - INFO - Status updated: Process exited (code: 0), Connected as @yupienfess
2025-05-02 00:20:19,054 - __main__ - INFO - Restarting Telegram bot process...
2025-05-02 00:20:19,055 - __main__ - INFO - Status updated: Starting Telegram bot subprocess..., Connected as @yupienfess
2025-05-02 00:20:19,055 - __main__ - INFO - Starting Telegram bot subprocess...
2025-05-02 00:20:19,056 - __main__ - INFO - Telegram bot subprocess started with PID 6855
2025-05-02 00:20:19,057 - __main__ - INFO - Status updated: Telegram bot running (PID: 6855), Connected as @yupienfess
2025-05-02 00:20:20,057 - __main__ - WARNING - Telegram bot process exited with code 0
2025-05-02 00:20:20,058 - __main__ - INFO - Status updated: Process exited (code: 0), Connected as @yupienfess
2025-05-02 00:20:20,058 - __main__ - INFO - Restarting Telegram bot process...
2025-05-02 00:20:20,059 - __main__ - INFO - Status updated: Starting Telegram bot subprocess..., Connected as @yupienfess
2025-05-02 00:20:20,059 - __main__ - INFO - Starting Telegram bot subprocess...
2025-05-02 00:20:20,059 - __main__ - INFO - Telegram bot subprocess started with PID 6860
2025-05-02 00:20:20,060 - __main__ - INFO - Status updated: Telegram bot running (PID: 6860), Connected as @yupienfess
2025-05-02 00:20:21,060 - __main__ - WARNING - Telegram bot process exited with code 0
2025-05-02 00:20:21,061 - __main__ - INFO - Status updated: Process exited (code: 0), Connected as @yupienfess
2025-05-02 00:20:21,061 - __main__ - INFO - Restarting Telegram bot process...
2025-05-02 00:20:21,062 - __main__ - INFO - Status updated: Starting Telegram bot subprocess..., Connected as @yupienfess
2025-05-02 00:20:21,062 - __main__ - INFO - Starting Telegram bot subprocess...
2025-05-02 00:20:21,063 - __main__ - INFO - Telegram bot subprocess started with PID 6865
2025-05-02 00:20:21,063 - __main__ - INFO - Status updated: Telegram bot running (PID: 6865), Connected as @yupienfess
2025-05-02 00:20:22,064 - __main__ - WARNING - Telegram bot process exited with code 0
2025-05-02 00:20:22,066 - __main__ - INFO - Status updated: Process exited (code: 0), Connected as @yupienfess
2025-05-02 00:20:22,066 - __main__ - INFO - Restarting Telegram bot process...
2025-05-02 00:20:22,066 - __main__ - INFO - Status updated: Starting Telegram bot subprocess..., Connected as @yupienfess
2025-05-02 00:20:22,066 - __main__ - INFO - Starting Telegram bot subprocess...
2025-05-02 00:20:22,067 - __main__ - INFO - Telegram bot subprocess started with PID 6870
2025-05-02 00:20:22,067 - __main__ - INFO - Status updated: Telegram bot running (PID: 6870), Connected as @yupienfess
2025-05-02 00:20:23,067 - __main__ - WARNING - Telegram bot process exited with code 0
2025-05-02 00:20:23,071 - __main__ - INFO - Status updated: Process exited (code: 0), Connected as @yupienfess
2025-05-02 00:20:23,071 - __main__ - INFO - Restarting Telegram bot process...
2025-05-02 00:20:23,071 - __main__ - INFO - Status updated: Starting Telegram bot subprocess..., Connected as @yupienfess
2025-05-02 00:20:23,071 - __main__ - INFO - Starting Telegram bot subprocess...
2025-05-02 00:20:23,072 - __main__ - INFO - Telegram bot subprocess started with PID 6874
2025-05-02 00:20:23,073 - __main__ - INFO - Status updated: Telegram bot running (PID: 6874), Connected as @yupienfess
2025-05-02 00:20:24,073 - __main__ - WARNING - Telegram bot process exited with code 0
2025-05-02 00:20:24,075 - __main__ - INFO - Status updated: Process exited (code: 0), Connected as @yupienfess
2025-05-02 00:20:24,076 - __main__ - INFO - Restarting Telegram bot process...
2025-05-02 00:20:24,077 - __main__ - INFO - Status updated: Starting Telegram bot subprocess..., Connected as @yupienfess
2025-05-02 00:20:24,077 - __main__ - INFO - Starting Telegram bot subprocess...
2025-05-02 00:20:24,077 - __main__ - INFO - Telegram bot subprocess started with PID 6879
2025-05-02 00:20:24,079 - __main__ - INFO - Status updated: Telegram bot running (PID: 6879), Connected as @yupienfess
2025-05-02 00:20:25,080 - __main__ - WARNING - Telegram bot process exited with code 0
2025-05-02 00:20:25,080 - __main__ - INFO - Status updated: Process exited (code: 0), Connected as @yupienfess
2025-05-02 00:20:25,080 - __main__ - INFO - Restarting Telegram bot process...
2025-05-02 00:20:25,081 - __main__ - INFO - Status updated: Starting Telegram bot subprocess..., Connected as @yupienfess
2025-05-02 00:20:25,081 - __main__ - INFO - Starting Telegram bot subprocess...
2025-05-02 00:20:25,083 - __main__ - INFO - Telegram bot subprocess started with PID 6884
2025-05-02 00:20:25,083 - __main__ - INFO - Status updated: Telegram bot running (PID: 6884), Connected as @yupienfess
2025-05-02 00:20:26,084 - __main__ - WARNING - Telegram bot process exited with code 0
2025-05-02 00:20:26,085 - __main__ - INFO - Status updated: Process exited (code: 0), Connected as @yupienfess
2025-05-02 00:20:26,085 - __main__ - INFO - Restarting Telegram bot process...
2025-05-02 00:20:26,085 - __main__ - INFO - Status updated: Starting Telegram bot subprocess..., Connected as @yupienfess
2025-05-02 00:20:26,086 - __main__ - INFO - Starting Telegram bot subprocess...
2025-05-02 00:20:26,086 - __main__ - INFO - Telegram bot subprocess started with PID 6889
2025-05-02 00:20:26,086 - __main__ - INFO - Status updated: Telegram bot running (PID: 6889), Connected as @yupienfess
2025-05-02 00:20:27,087 - __main__ - WARNING - Telegram bot process exited with code 0
2025-05-02 00:20:27,089 - __main__ - INFO - Status updated: Process exited (code: 0), Connected as @yupienfess
2025-05-02 00:20:27,089 - __main__ - INFO - Restarting Telegram bot process...
2025-05-02 00:20:27,089 - __main__ - INFO - Status updated: Starting Telegram bot subprocess..., Connected as @yupienfess
2025-05-02 00:20:27,089 - __main__ - INFO - Starting Telegram bot subprocess...
2025-05-02 00:20:27,094 - __main__ - INFO - Telegram bot subprocess started with PID 6910
2025-05-02 00:20:27,094 - __main__ - INFO - Status updated: Telegram bot running (PID: 6910), Connected as @yupienfess
2025-05-02 00:20:28,095 - __main__ - WARNING - Telegram bot process exited with code 0
2025-05-02 00:20:28,095 - __main__ - INFO - Status updated: Process exited (code: 0), Connected as @yupienfess
2025-05-02 00:20:28,095 - __main__ - INFO - Restarting Telegram bot process...
2025-05-02 00:20:28,096 - __main__ - INFO - Status updated: Starting Telegram bot subprocess..., Connected as @yupienfess
2025-05-02 00:20:28,096 - __main__ - INFO - Starting Telegram bot subprocess...
2025-05-02 00:20:28,096 - __main__ - INFO - Telegram bot subprocess started with PID 6915
2025-05-02 00:20:28,097 - __main__ - INFO - Status updated: Telegram bot running (PID: 6915), Connected as @yupienfess
2025-05-02 00:20:29,097 - __main__ - WARNING - Telegram bot process exited with code 0
2025-05-02 00:20:29,098 - __main__ - INFO - Status updated: Process exited (code: 0), Connected as @yupienfess
2025-05-02 00:20:29,098 - __main__ - INFO - Restarting Telegram bot process...
2025-05-02 00:20:29,099 - __main__ - INFO - Status updated: Starting Telegram bot subprocess..., Connected as @yupienfess
2025-05-02 00:20:29,099 - __main__ - INFO - Starting Telegram bot subprocess...
2025-05-02 00:20:29,099 - __main__ - INFO - Telegram bot subprocess started with PID 6920
2025-05-02 00:20:29,100 - __main__ - INFO - Status updated: Telegram bot running (PID: 6920), Connected as @yupienfess
2025-05-02 00:20:30,101 - __main__ - WARNING - Telegram bot process exited with code 0
2025-05-02 00:20:30,101 - __main__ - INFO - Status updated: Process exited (code: 0), Connected as @yupienfess
2025-05-02 00:20:30,102 - __main__ - INFO - Restarting Telegram bot process...
2025-05-02 00:20:30,102 - __main__ - INFO - Status updated: Starting Telegram bot subprocess..., Connected as @yupienfess
2025-05-02 00:20:30,102 - __main__ - INFO - Starting Telegram bot subprocess...
2025-05-02 00:20:30,103 - __main__ - INFO - Telegram bot subprocess started with PID 6925
2025-05-02 00:20:30,103 - __main__ - INFO - Status updated: Telegram bot running (PID: 6925), Connected as @yupienfess
2025-05-02 00:20:31,103 - __main__ - WARNING - Telegram bot process exited with code 0
2025-05-02 00:20:31,104 - __main__ - INFO - Status updated: Process exited (code: 0), Connected as @yupienfess
2025-05-02 00:20:31,105 - __main__ - INFO - Restarting Telegram bot process...
2025-05-02 00:20:31,105 - __main__ - INFO - Status updated: Starting Telegram bot subprocess..., Connected as @yupienfess
2025-05-02 00:20:31,105 - __main__ - INFO - Starting Telegram bot subprocess...
2025-05-02 00:20:31,105 - __main__ - INFO - Telegram bot subprocess started with PID 6931
2025-05-02 00:20:31,106 - __main__ - INFO - Status updated: Telegram bot running (PID: 6931), Connected as @yupienfess
2025-05-02 00:20:32,106 - __main__ - WARNING - Telegram bot process exited with code 0
2025-05-02 00:20:32,107 - __main__ - INFO - Status updated: Process exited (code: 0), Connected as @yupienfess
2025-05-02 00:20:32,107 - __main__ - INFO - Restarting Telegram bot process...
2025-05-02 00:20:32,107 - __main__ - INFO - Status updated: Starting Telegram bot subprocess..., Connected as @yupienfess
2025-05-02 00:20:32,107 - __main__ - INFO - Starting Telegram bot subprocess...
2025-05-02 00:20:32,108 - __main__ - INFO - Telegram bot subprocess started with PID 6936
2025-05-02 00:20:32,108 - __main__ - INFO - Status updated: Telegram bot running (PID: 6936), Connected as @yupienfess
2025-05-02 00:20:33,108 - __main__ - WARNING - Telegram bot process exited with code 0
2025-05-02 00:20:33,110 - __main__ - INFO - Status updated: Process exited (code: 0), Connected as @yupienfess
2025-05-02 00:20:33,110 - __main__ - INFO - Restarting Telegram bot process...
2025-05-02 00:20:33,111 - __main__ - INFO - Status updated: Starting Telegram bot subprocess..., Connected as @yupienfess
2025-05-02 00:20:33,111 - __main__ - INFO - Starting Telegram bot subprocess...
2025-05-02 00:20:33,113 - __main__ - INFO - Telegram bot subprocess started with PID 6941
2025-05-02 00:20:33,115 - __main__ - INFO - Status updated: Telegram bot running (PID: 6941), Connected as @yupienfess
2025-05-02 00:20:34,115 - __main__ - WARNING - Telegram bot process exited with code 0
2025-05-02 00:20:34,117 - __main__ - INFO - Status updated: Process exited (code: 0), Connected as @yupienfess
2025-05-02 00:20:34,117 - __main__ - INFO - Restarting Telegram bot process...
2025-05-02 00:20:34,117 - __main__ - INFO - Status updated: Starting Telegram bot subprocess..., Connected as @yupienfess
2025-05-02 00:20:34,117 - __main__ - INFO - Starting Telegram bot subprocess...
2025-05-02 00:20:34,117 - __main__ - INFO - Telegram bot subprocess started with PID 6956
2025-05-02 00:20:34,118 - __main__ - INFO - Status updated: Telegram bot running (PID: 6956), Connected as @yupienfess
2025-05-02 00:20:35,151 - root - INFO - Telegram-X integration bot logger initialized
2025-05-02 00:20:35,324 - root - INFO - Port 5000 is already in use. Starting bot-only mode...
2025-05-02 00:20:35,324 - root - INFO - Running the Telegram-X bot subprocess...
2025-05-02 00:20:35,325 - root - INFO - Telegram-X bot process started with PID 6991
2025-05-02 00:20:35,395 - __main__ - INFO - Starting Telegram-X integration bot
2025-05-02 00:20:35,551 - __main__ - INFO - Twitter API client initialized
2025-05-02 00:20:35,671 - __main__ - INFO - Status updated: Initializing..., Connected as @yupienfess
2025-05-02 00:20:35,672 - __main__ - INFO - Status updated: Starting Telegram bot subprocess..., Connected as @yupienfess
2025-05-02 00:20:35,672 - __main__ - INFO - Starting Telegram bot subprocess...
2025-05-02 00:20:35,673 - __main__ - INFO - Telegram bot subprocess started with PID 6996
2025-05-02 00:20:35,674 - __main__ - INFO - Status updated: Telegram bot running (PID: 6996), Connected as @yupienfess
2025-05-02 00:20:35,674 - __main__ - INFO - Entering main loop
2025-05-02 00:21:58,037 - root - INFO - Telegram-X integration bot logger initialized
2025-05-02 00:21:58,218 - root - INFO - Port 5000 is already in use. Starting bot-only mode...
2025-05-02 00:21:58,218 - root - INFO - Running the Telegram-X bot subprocess...
2025-05-02 00:21:58,219 - root - INFO - Telegram-X bot process started with PID 7195
2025-05-02 00:21:58,294 - __main__ - INFO - Starting Telegram-X integration bot
2025-05-02 00:21:58,456 - __main__ - INFO - Twitter API client initialized
2025-05-02 00:21:58,541 - __main__ - INFO - Status updated: Initializing..., Connected as @yupienfess
2025-05-02 00:21:58,541 - __main__ - INFO - Status updated: Starting Telegram bot subprocess..., Connected as @yupienfess
2025-05-02 00:21:58,542 - __main__ - INFO - Starting Telegram bot subprocess...
2025-05-02 00:21:58,542 - __main__ - INFO - Telegram bot subprocess started with PID 7200
2025-05-02 00:21:58,544 - __main__ - INFO - Status updated: Telegram bot running (PID: 7200), Connected as @yupienfess
2025-05-02 00:21:58,544 - __main__ - INFO - Entering main loop
2025-05-02 00:26:22,595 - __main__ - INFO - Processing command: tweet from user 7084347052
2025-05-02 00:26:22,634 - __main__ - ERROR - Error posting tweet: 403 Forbidden
Your client app is not configured with the appropriate oauth1 app permissions for this endpoint.
2025-05-02 00:26:22,635 - __main__ - INFO - Status updated: Telegram bot polling for updates, Failed to post tweet
2025-05-02 00:26:22,635 - __main__ - WARNING - Failed tweet for user 7084347052: 403 Forbidden
Your client app is not configured with the appropriate oauth1 app permissions for this endpoint.
2025-05-02 00:35:05,530 - root - INFO - Telegram-X integration bot logger initialized
2025-05-02 00:35:05,747 - root - INFO - Port 5000 is already in use. Starting bot-only mode...
2025-05-02 00:35:05,747 - root - INFO - Running the Telegram-X bot subprocess...
2025-05-02 00:35:05,748 - root - INFO - Telegram-X bot process started with PID 7635
2025-05-02 00:35:05,870 - __main__ - INFO - Starting Telegram-X integration bot
2025-05-02 00:35:06,054 - __main__ - INFO - Twitter API client initialized
2025-05-02 00:35:06,155 - __main__ - INFO - Status updated: Initializing..., Connected as @yupienfess
2025-05-02 00:35:06,155 - __main__ - INFO - Status updated: Starting Telegram bot subprocess..., Connected as @yupienfess
2025-05-02 00:35:06,155 - __main__ - INFO - Starting Telegram bot subprocess...
2025-05-02 00:35:06,157 - __main__ - INFO - Telegram bot subprocess started with PID 7640
2025-05-02 00:35:06,157 - __main__ - INFO - Status updated: Telegram bot running (PID: 7640), Connected as @yupienfess
2025-05-02 00:35:06,157 - __main__ - INFO - Entering main loop
2025-05-02 00:35:51,163 - __main__ - INFO - Processing command: tweet from user 7084347052
2025-05-02 00:35:51,301 - __main__ - INFO - Tweet posted: hiii admin lagi test bot baru... [1918102097100431719]
2025-05-02 00:35:51,301 - __main__ - INFO - Status updated: Telegram bot polling for updates, Tweet posted: hiii admin lagi test...
2025-05-02 00:35:51,301 - __main__ - INFO - Tweet posted for user 7084347052: hiii admin lagi test bot baru...
2025-05-02 00:43:20,979 - root - INFO - Telegram-X integration bot logger initialized
2025-05-02 00:43:21,185 - root - INFO - Port 5000 is already in use. Starting bot-only mode...
2025-05-02 00:43:21,186 - root - INFO - Running the Telegram-X bot subprocess...
2025-05-02 00:43:21,188 - root - INFO - Telegram-X bot process started with PID 7986
2025-05-02 00:43:21,416 - __main__ - INFO - Starting Telegram-X integration bot
2025-05-02 00:43:21,457 - __main__ - INFO - Twitter API client initialized
2025-05-02 00:43:21,551 - __main__ - INFO - Status updated: Initializing..., Connected as @yupienfess
2025-05-02 00:43:21,552 - __main__ - INFO - Status updated: Starting Telegram bot subprocess..., Connected as @yupienfess
2025-05-02 00:43:21,552 - __main__ - INFO - Starting Telegram bot subprocess...
2025-05-02 00:43:21,554 - __main__ - INFO - Telegram bot subprocess started with PID 7991
2025-05-02 00:43:21,554 - __main__ - INFO - Status updated: Telegram bot running (PID: 7991), Connected as @yupienfess
2025-05-02 00:43:21,554 - __main__ - INFO - Entering main loop
2025-05-02 00:44:23,567 - __main__ - INFO - Processing command: tweet from user 7084347052
2025-05-02 00:44:23,779 - __main__ - INFO - Tweet posted: keluarga kucing... [1918104246517637461]
2025-05-02 00:44:23,780 - __main__ - INFO - Status updated: Telegram bot polling for updates, Tweet posted: keluarga kucing...
2025-05-02 00:44:23,780 - __main__ - INFO - Tweet posted for user 7084347052: keluarga kucing...
2025-05-02 00:45:15,899 - __main__ - INFO - Processing command: image from user 7084347052
2025-05-02 00:45:15,900 - __main__ - INFO - Downloading image with file_id: AgACAgUAAxkBAANqaBQVVnU8KgT936O8RK7SpzGpTygAAg_NMRt03aBUrDBm8NEzptABAAMCAANtAAM2BA
2025-05-02 00:45:17,406 - __main__ - INFO - Downloaded image to temp/image_1746146717.jpg
2025-05-02 00:45:17,926 - __main__ - INFO - Tweet with image posted: ... [1918104473442066444]
2025-05-02 00:45:17,927 - __main__ - INFO - Status updated: Telegram bot polling for updates, Image tweet posted: ...
2025-05-02 00:45:17,927 - __main__ - INFO - Image tweet posted for user 7084347052: ...
2025-05-02 00:47:02,958 - __main__ - INFO - Processing command: image from user 7084347052
2025-05-02 00:47:02,958 - __main__ - INFO - Downloading image with file_id: AgACAgUAAxkBAANyaBQV79YIHjuZEBnbDcBaFU8KqeYAAhDNMRt03aBUyvlLPa7u4tsBAAMCAANtAAM2BA
2025-05-02 00:47:04,454 - __main__ - INFO - Downloaded image to temp/image_1746146824.jpg
2025-05-02 00:47:05,144 - __main__ - INFO - Tweet with image posted: /x lucuuu... [1918104923113439232]
2025-05-02 00:47:05,144 - __main__ - INFO - Status updated: Telegram bot polling for updates, Image tweet posted: /x lucuuu...
2025-05-02 00:47:05,145 - __main__ - INFO - Image tweet posted for user 7084347052: /x lucuuu...
2025-05-02 00:47:47,151 - __main__ - INFO - Processing command: image from user 7084347052
2025-05-02 00:47:47,151 - __main__ - INFO - Downloading image with file_id: AgACAgUAAxkBAANyaBQV79YIHjuZEBnbDcBaFU8KqeYAAhDNMRt03aBUyvlLPa7u4tsBAAMCAANtAAM2BA
2025-05-02 00:47:48,157 - __main__ - INFO - Downloaded image to temp/image_1746146868.jpg
2025-05-02 00:47:48,651 - __main__ - INFO - Tweet with image posted: lucu bangettt... [1918105105620148671]
2025-05-02 00:47:48,652 - __main__ - INFO - Status updated: Telegram bot polling for updates, Image tweet posted: lucu bangettt...
2025-05-02 00:47:48,653 - __main__ - INFO - Image tweet posted for user 7084347052: lucu bangettt...
2025-05-02 07:34:51,143 - root - INFO - Telegram-X integration bot logger initialized
2025-05-02 07:34:51,146 - root - INFO - Telegram-X integration bot logger initialized
2025-05-02 07:34:51,744 - root - INFO - Port 5000 is already in use. Starting bot-only mode...
2025-05-02 07:34:51,744 - root - INFO - Running the Telegram-X bot subprocess...
2025-05-02 07:34:51,745 - root - INFO - Telegram-X bot process started with PID 219
2025-05-02 07:34:51,954 - __main__ - INFO - Starting Telegram-X integration bot
2025-05-02 07:34:51,983 - __main__ - INFO - Twitter API client initialized
2025-05-02 07:34:52,084 - __main__ - INFO - Status updated: Initializing..., Connected as @yupienfess
2025-05-02 07:34:52,084 - __main__ - INFO - Status updated: Starting Telegram bot subprocess..., Connected as @yupienfess
2025-05-02 07:34:52,084 - __main__ - INFO - Starting Telegram bot subprocess...
2025-05-02 07:34:52,085 - __main__ - INFO - Telegram bot subprocess started with PID 226
2025-05-02 07:34:52,085 - __main__ - INFO - Status updated: Telegram bot running (PID: 226), Connected as @yupienfess
2025-05-02 07:34:52,085 - __main__ - INFO - Entering main loop
2025-05-02 07:35:45,093 - __main__ - INFO - Processing command: tweet from user 7084347052
2025-05-02 07:35:45,240 - __main__ - INFO - Tweet posted: -upnjkt rumah ku banjir guys u... [1918207768127041573]
2025-05-02 07:35:45,241 - __main__ - INFO - Status updated: Telegram bot polling for updates, Tweet posted: -upnjkt rumah ku ban...
2025-05-02 07:35:45,241 - __main__ - INFO - Tweet posted for user 7084347052: -upnjkt rumah ku banjir guys u...
2025-05-02 10:47:41,447 - root - INFO - Telegram-X integration bot logger initialized
2025-05-02 10:47:41,453 - root - INFO - Telegram-X integration bot logger initialized
2025-05-02 10:47:42,051 - root - INFO - Port 5000 is already in use. Starting bot-only mode...
2025-05-02 10:47:42,052 - root - INFO - Running the Telegram-X bot subprocess...
2025-05-02 10:47:42,052 - root - INFO - Telegram-X bot process started with PID 168
2025-05-02 10:47:42,299 - __main__ - INFO - Starting Telegram-X integration bot
2025-05-02 10:47:42,334 - __main__ - INFO - Twitter API client initialized
2025-05-02 10:47:42,437 - __main__ - INFO - Status updated: Initializing..., Connected as @yupienfess
2025-05-02 10:47:42,438 - __main__ - INFO - Status updated: Starting Telegram bot subprocess..., Connected as @yupienfess
2025-05-02 10:47:42,438 - __main__ - INFO - Starting Telegram bot subprocess...
2025-05-02 10:47:42,440 - __main__ - INFO - Telegram bot subprocess started with PID 174
2025-05-02 10:47:42,440 - __main__ - INFO - Status updated: Telegram bot running (PID: 174), Connected as @yupienfess
2025-05-02 10:47:42,440 - __main__ - INFO - Entering main loop
2025-05-02 10:50:22,627 - root - INFO - Telegram-X integration bot logger initialized
2025-05-02 10:50:22,804 - root - INFO - Port 5000 is already in use. Starting bot-only mode...
2025-05-02 10:50:22,805 - root - INFO - Running the Telegram-X bot subprocess...
2025-05-02 10:50:22,806 - root - INFO - Telegram-X bot process started with PID 324
2025-05-02 10:50:23,016 - __main__ - INFO - Starting Telegram-X integration bot
2025-05-02 10:50:23,054 - __main__ - INFO - Twitter API client initialized
2025-05-02 10:50:23,139 - __main__ - INFO - Status updated: Initializing..., Connected as @yupienfess
2025-05-02 10:50:23,140 - __main__ - INFO - Status updated: Starting Telegram bot subprocess..., Connected as @yupienfess
2025-05-02 10:50:23,140 - __main__ - INFO - Starting Telegram bot subprocess...
2025-05-02 10:50:23,140 - __main__ - INFO - Telegram bot subprocess started with PID 329
2025-05-02 10:50:23,141 - __main__ - INFO - Status updated: Telegram bot running (PID: 329), Connected as @yupienfess
2025-05-02 10:50:23,141 - __main__ - INFO - Entering main loop
2025-05-02 10:54:48,918 - root - INFO - Telegram-X integration bot logger initialized
2025-05-02 10:54:49,104 - root - INFO - Port 5000 is already in use. Starting bot-only mode...
2025-05-02 10:54:49,104 - root - INFO - Running the Telegram-X bot subprocess...
2025-05-02 10:54:49,105 - root - INFO - Telegram-X bot process started with PID 625
2025-05-02 10:54:49,343 - __main__ - INFO - Starting Telegram-X integration bot
2025-05-02 10:54:49,378 - __main__ - INFO - Twitter API client initialized
2025-05-02 10:54:49,462 - __main__ - INFO - Status updated: Initializing..., Connected as @yupienfess
2025-05-02 10:54:49,463 - __main__ - INFO - Status updated: Starting Telegram bot subprocess..., Connected as @yupienfess
2025-05-02 10:54:49,463 - __main__ - INFO - Starting Telegram bot subprocess...
2025-05-02 10:54:49,463 - __main__ - INFO - Telegram bot subprocess started with PID 644
2025-05-02 10:54:49,464 - __main__ - INFO - Status updated: Telegram bot running (PID: 644), Connected as @yupienfess
2025-05-02 10:54:49,464 - __main__ - INFO - Entering main loop
2025-05-02 10:58:37,433 - root - INFO - Telegram-X integration bot logger initialized
2025-05-02 10:58:37,606 - root - INFO - Port 5000 is already in use. Starting bot-only mode...
2025-05-02 10:58:37,606 - root - INFO - Running the Telegram-X bot subprocess...
2025-05-02 10:58:37,607 - root - INFO - Telegram-X bot process started with PID 882
2025-05-02 10:58:37,832 - __main__ - INFO - Starting Telegram-X integration bot
2025-05-02 10:58:37,865 - __main__ - INFO - Twitter API client initialized
2025-05-02 10:58:37,960 - __main__ - INFO - Status updated: Initializing..., Connected as @yupienfess
2025-05-02 10:58:37,961 - __main__ - INFO - Status updated: Starting Telegram bot subprocess..., Connected as @yupienfess
2025-05-02 10:58:37,961 - __main__ - INFO - Starting Telegram bot subprocess...
2025-05-02 10:58:37,964 - __main__ - INFO - Telegram bot subprocess started with PID 887
2025-05-02 10:58:37,965 - __main__ - INFO - Status updated: Telegram bot running (PID: 887), Connected as @yupienfess
2025-05-02 10:58:37,966 - __main__ - INFO - Entering main loop
2025-05-02 11:00:28,983 - __main__ - INFO - Processing command: tweet from user 7084347052
2025-05-02 11:00:29,144 - __main__ - INFO - Tweet posted: permisi, ada yang pernah ikut ... [1918259290504347799]
2025-05-02 11:00:29,144 - __main__ - INFO - Status updated: Telegram bot polling for updates, Tweet posted: permisi, ada yang pe...
2025-05-02 11:00:29,144 - __main__ - INFO - Tweet posted for user 7084347052: permisi, ada yang pernah ikut ...
2025-05-02 11:04:55,645 - root - INFO - Telegram-X integration bot logger initialized
2025-05-02 11:04:55,826 - root - INFO - Port 5000 is already in use. Starting bot-only mode...
2025-05-02 11:04:55,826 - root - INFO - Running the Telegram-X bot subprocess...
2025-05-02 11:04:55,827 - root - INFO - Telegram-X bot process started with PID 1200
2025-05-02 11:04:56,043 - __main__ - INFO - Starting Telegram-X integration bot
2025-05-02 11:04:56,076 - __main__ - INFO - Twitter API client initialized
2025-05-02 11:04:56,162 - __main__ - INFO - Status updated: Initializing..., Connected as @yupienfess
2025-05-02 11:04:56,163 - __main__ - INFO - Status updated: Starting Telegram bot subprocess..., Connected as @yupienfess
2025-05-02 11:04:56,163 - __main__ - INFO - Starting Telegram bot subprocess...
2025-05-02 11:04:56,163 - __main__ - INFO - Telegram bot subprocess started with PID 1206
2025-05-02 11:04:56,164 - __main__ - INFO - Status updated: Telegram bot running (PID: 1206), Connected as @yupienfess
2025-05-02 11:04:56,164 - __main__ - INFO - Entering main loop
2025-05-02 11:05:19,169 - __main__ - INFO - Processing command: tweet from user 7084347052
2025-05-02 11:05:19,367 - __main__ - INFO - Tweet posted: -yupi permisi, ada yang pernah... [1918260507615924289]
2025-05-02 11:05:19,367 - __main__ - INFO - Status updated: Telegram bot polling for updates, Tweet posted: -yupi permisi, ada y...
2025-05-02 11:05:19,367 - __main__ - INFO - Tweet posted for user 7084347052: -yupi permisi, ada yang pernah...
2025-05-02 11:08:37,401 - __main__ - INFO - Processing command: tweet from user 1230379091
2025-05-02 11:08:37,561 - __main__ - INFO - Tweet posted: -upnsby info mabar -1 jungler... [1918261339031781481]
2025-05-02 11:08:37,562 - __main__ - INFO - Status updated: Telegram bot polling for updates, Tweet posted: -upnsby info mabar -...
2025-05-02 11:08:37,562 - __main__ - INFO - Tweet posted for user 1230379091: -upnsby info mabar -1 jungler...
2025-05-02 11:26:51,187 - __main__ - INFO - Received signal 2, shutting down...
2025-05-02 11:26:51,187 - __main__ - INFO - Status updated: Shutting down..., Shutting down...
2025-05-02 11:26:51,187 - __main__ - INFO - Terminating Telegram bot process (PID: 1206)...
2025-05-02 11:26:51,191 - __main__ - INFO - Status updated: Offline, Offline
2025-05-02 11:28:11,466 - root - INFO - Telegram-X integration bot logger initialized
2025-05-02 11:28:11,471 - root - INFO - Telegram-X integration bot logger initialized
2025-05-02 11:28:12,096 - root - INFO - Port 5000 is already in use. Starting bot-only mode...
2025-05-02 11:28:12,097 - root - INFO - Running the Telegram-X bot subprocess...
2025-05-02 11:28:12,098 - root - INFO - Telegram-X bot process started with PID 176
2025-05-02 11:28:12,389 - __main__ - INFO - Starting Telegram-X integration bot
2025-05-02 11:28:12,436 - __main__ - INFO - Twitter API client initialized
2025-05-02 11:28:12,528 - __main__ - INFO - Status updated: Initializing..., Connected as @yupienfess
2025-05-02 11:28:12,529 - __main__ - INFO - Status updated: Starting Telegram bot subprocess..., Connected as @yupienfess
2025-05-02 11:28:12,529 - __main__ - INFO - Starting Telegram bot subprocess...
2025-05-02 11:28:12,529 - __main__ - INFO - Telegram bot subprocess started with PID 182
2025-05-02 11:28:12,530 - __main__ - INFO - Status updated: Telegram bot running (PID: 182), Connected as @yupienfess
2025-05-02 11:28:12,530 - __main__ - INFO - Entering main loop
2025-05-02 11:30:09,303 - root - INFO - Telegram-X integration bot logger initialized
2025-05-02 11:30:13,985 - root - INFO - Telegram-X integration bot logger initialized
2025-05-02 11:30:15,779 - root - INFO - Database tables created
2025-05-02 11:30:28,329 - root - INFO - Telegram-X integration bot logger initialized
2025-05-02 11:30:32,121 - root - INFO - Database tables created
2025-05-02 11:30:36,654 - root - INFO - Telegram-X integration bot logger initialized
2025-05-02 11:30:40,152 - root - INFO - Database tables created
2025-05-02 11:30:43,684 - root - INFO - Telegram-X integration bot logger initialized
2025-05-02 11:30:47,139 - root - INFO - Database tables created
2025-05-02 11:30:57,395 - root - INFO - Telegram-X integration bot logger initialized
2025-05-02 11:30:57,918 - root - INFO - Telegram-X integration bot logger initialized
2025-05-02 11:30:58,088 - root - INFO - Port 5000 is already in use. Starting bot-only mode...
2025-05-02 11:30:58,089 - root - INFO - Running the Telegram-X bot subprocess...
2025-05-02 11:30:58,089 - root - INFO - Telegram-X bot process started with PID 522
2025-05-02 11:30:58,339 - __main__ - INFO - Starting Telegram-X integration bot
2025-05-02 11:30:58,380 - __main__ - INFO - Twitter API client initialized
2025-05-02 11:30:58,467 - __main__ - INFO - Status updated: Initializing..., Connected as @yupienfess
2025-05-02 11:30:58,468 - __main__ - INFO - Status updated: Starting Telegram bot subprocess..., Connected as @yupienfess
2025-05-02 11:30:58,468 - __main__ - INFO - Starting Telegram bot subprocess...
2025-05-02 11:30:58,469 - __main__ - INFO - Telegram bot subprocess started with PID 527
2025-05-02 11:30:58,469 - __main__ - INFO - Status updated: Telegram bot running (PID: 527), Connected as @yupienfess
2025-05-02 11:30:58,469 - __main__ - INFO - Entering main loop
2025-05-02 11:30:58,834 - root - INFO - Database tables created
2025-05-02 11:33:27,373 - root - INFO - Telegram-X integration bot logger initialized
2025-05-02 11:33:27,859 - root - INFO - Telegram-X integration bot logger initialized
2025-05-02 11:33:28,031 - root - INFO - Port 5000 is already in use. Starting bot-only mode...
2025-05-02 11:33:28,031 - root - INFO - Running the Telegram-X bot subprocess...
2025-05-02 11:33:28,031 - root - INFO - Telegram-X bot process started with PID 896
2025-05-02 11:33:28,640 - __main__ - INFO - Starting Telegram-X integration bot
2025-05-02 11:33:28,667 - __main__ - INFO - Twitter API client initialized
2025-05-02 11:33:28,764 - __main__ - INFO - Status updated: Initializing..., Connected as @yupienfess
2025-05-02 11:33:28,765 - __main__ - INFO - Status updated: Starting Telegram bot subprocess..., Connected as @yupienfess
2025-05-02 11:33:28,765 - __main__ - INFO - Starting Telegram bot subprocess...
2025-05-02 11:33:28,766 - __main__ - INFO - Telegram bot subprocess started with PID 900
2025-05-02 11:33:28,766 - __main__ - INFO - Status updated: Telegram bot running (PID: 900), Connected as @yupienfess
2025-05-02 11:33:28,766 - __main__ - INFO - Entering main loop
2025-05-02 11:33:28,857 - root - INFO - Database tables created
2025-05-02 11:34:50,497 - root - INFO - Telegram-X integration bot logger initialized
2025-05-02 11:34:51,303 - root - INFO - Telegram-X integration bot logger initialized
2025-05-02 11:34:51,578 - root - INFO - Port 5000 is already in use. Starting bot-only mode...
2025-05-02 11:34:51,580 - root - INFO - Running the Telegram-X bot subprocess...
2025-05-02 11:34:51,581 - root - INFO - Telegram-X bot process started with PID 1222
2025-05-02 11:34:52,090 - root - INFO - Database tables created
2025-05-02 11:34:52,993 - __main__ - INFO - Starting Telegram-X integration bot
2025-05-02 11:34:53,023 - __main__ - INFO - Twitter API client initialized
2025-05-02 11:34:53,121 - __main__ - INFO - Status updated: Initializing..., Connected as @yupienfess
2025-05-02 11:34:53,126 - __main__ - INFO - Status updated: Starting Telegram bot subprocess..., Connected as @yupienfess
2025-05-02 11:34:53,126 - __main__ - INFO - Starting Telegram bot subprocess...
2025-05-02 11:34:53,127 - __main__ - INFO - Telegram bot subprocess started with PID 1232
2025-05-02 11:34:53,127 - __main__ - INFO - Status updated: Telegram bot running (PID: 1232), Connected as @yupienfess
2025-05-02 11:34:53,128 - __main__ - INFO - Entering main loop
2025-05-02 11:36:42,617 - root - INFO - Telegram-X integration bot logger initialized
2025-05-02 11:36:42,834 - root - INFO - Telegram-X integration bot logger initialized
2025-05-02 11:36:43,066 - root - INFO - Port 5000 is already in use. Starting bot-only mode...
2025-05-02 11:36:43,067 - root - INFO - Running the Telegram-X bot subprocess...
2025-05-02 11:36:43,068 - root - INFO - Telegram-X bot process started with PID 1550
2025-05-02 11:36:43,725 - __main__ - INFO - Starting Telegram-X integration bot
2025-05-02 11:36:43,744 - __main__ - INFO - Twitter API client initialized
2025-05-02 11:36:43,828 - __main__ - INFO - Status updated: Initializing..., Connected as @yupienfess
2025-05-02 11:36:43,829 - __main__ - INFO - Status updated: Starting Telegram bot subprocess..., Connected as @yupienfess
2025-05-02 11:36:43,829 - __main__ - INFO - Starting Telegram bot subprocess...
2025-05-02 11:36:43,830 - __main__ - INFO - Telegram bot subprocess started with PID 1555
2025-05-02 11:36:43,831 - __main__ - INFO - Status updated: Telegram bot running (PID: 1555), Connected as @yupienfess
2025-05-02 11:36:43,831 - __main__ - INFO - Entering main loop
2025-05-02 11:36:44,329 - root - INFO - Database tables created
2025-05-02 11:37:07,699 - root - INFO - Telegram-X integration bot logger initialized
2025-05-02 11:37:07,982 - root - INFO - Port 5000 is already in use. Starting bot-only mode...
2025-05-02 11:37:07,983 - root - INFO - Running the Telegram-X bot subprocess...
2025-05-02 11:37:07,984 - root - INFO - Telegram-X bot process started with PID 1719
2025-05-02 11:37:08,715 - __main__ - INFO - Starting Telegram-X integration bot
2025-05-02 11:37:08,739 - __main__ - INFO - Twitter API client initialized
2025-05-02 11:37:08,828 - __main__ - INFO - Status updated: Initializing..., Connected as @yupienfess
2025-05-02 11:37:08,828 - __main__ - INFO - Status updated: Starting Telegram bot subprocess..., Connected as @yupienfess
2025-05-02 11:37:08,828 - __main__ - INFO - Starting Telegram bot subprocess...
2025-05-02 11:37:08,829 - __main__ - INFO - Telegram bot subprocess started with PID 1724
2025-05-02 11:37:08,829 - __main__ - INFO - Status updated: Telegram bot running (PID: 1724), Connected as @yupienfess
2025-05-02 11:37:08,829 - __main__ - INFO - Entering main loop
2025-05-02 11:37:35,966 - root - INFO - Telegram-X integration bot logger initialized
2025-05-02 11:37:36,436 - root - INFO - Telegram-X integration bot logger initialized
2025-05-02 11:37:36,629 - root - INFO - Port 5000 is already in use. Starting bot-only mode...
2025-05-02 11:37:36,630 - root - INFO - Running the Telegram-X bot subprocess...
2025-05-02 11:37:36,630 - root - INFO - Telegram-X bot process started with PID 1884
2025-05-02 11:37:37,372 - __main__ - INFO - Starting Telegram-X integration bot
2025-05-02 11:37:37,392 - __main__ - INFO - Twitter API client initialized
2025-05-02 11:37:37,396 - root - INFO - Database tables created
2025-05-02 11:37:37,483 - __main__ - INFO - Status updated: Initializing..., Connected as @yupienfess
2025-05-02 11:37:37,484 - __main__ - INFO - Status updated: Starting Telegram bot subprocess..., Connected as @yupienfess
2025-05-02 11:37:37,484 - __main__ - INFO - Starting Telegram bot subprocess...
2025-05-02 11:37:37,484 - __main__ - INFO - Telegram bot subprocess started with PID 1891
2025-05-02 11:37:37,485 - __main__ - INFO - Status updated: Telegram bot running (PID: 1891), Connected as @yupienfess
2025-05-02 11:37:37,485 - __main__ - INFO - Entering main loop
2025-05-02 11:38:08,183 - root - INFO - Telegram-X integration bot logger initialized
2025-05-02 11:38:09,641 - root - INFO - Database tables created
2025-05-02 11:38:48,213 - root - INFO - Telegram-X integration bot logger initialized
2025-05-02 11:38:48,394 - root - INFO - Port 5000 is already in use. Starting bot-only mode...
2025-05-02 11:38:48,394 - root - INFO - Running the Telegram-X bot subprocess...
2025-05-02 11:38:48,394 - root - INFO - Telegram-X bot process started with PID 2135
2025-05-02 11:38:48,998 - __main__ - INFO - Starting Telegram-X integration bot
2025-05-02 11:38:49,019 - __main__ - INFO - Twitter API client initialized
2025-05-02 11:38:49,114 - __main__ - INFO - Status updated: Initializing..., Connected as @yupienfess
2025-05-02 11:38:49,114 - __main__ - INFO - Status updated: Starting Telegram bot subprocess..., Connected as @yupienfess
2025-05-02 11:38:49,114 - __main__ - INFO - Starting Telegram bot subprocess...
2025-05-02 11:38:49,116 - __main__ - INFO - Telegram bot subprocess started with PID 2140
2025-05-02 11:38:49,117 - __main__ - INFO - Status updated: Telegram bot running (PID: 2140), Connected as @yupienfess
2025-05-02 11:38:49,117 - __main__ - INFO - Entering main loop
2025-05-02 11:44:46,381 - root - ERROR - Error getting queue status: (psycopg2.OperationalError) SSL connection has been closed unexpectedly

[SQL: SELECT tweet_queue.id AS tweet_queue_id, tweet_queue.tweet_id AS tweet_queue_tweet_id, tweet_queue.user_id AS tweet_queue_user_id, tweet_queue.message AS tweet_queue_message, tweet_queue.timestamp AS tweet_queue_timestamp, tweet_queue.status AS tweet_queue_status 
FROM tweet_queue 
WHERE tweet_queue.status = %(status_1)s ORDER BY tweet_queue.timestamp DESC 
 LIMIT %(param_1)s]
[parameters: {'status_1': 'posted', 'param_1': 1}]
(Background on this error at: https://sqlalche.me/e/20/e3q8)
2025-05-02 12:07:51,608 - root - INFO - Telegram-X integration bot logger initialized
2025-05-02 12:07:51,610 - root - INFO - Telegram-X integration bot logger initialized
2025-05-02 12:07:52,162 - root - INFO - Port 5000 is already in use. Starting bot-only mode...
2025-05-02 12:07:52,163 - root - INFO - Running the Telegram-X bot subprocess...
2025-05-02 12:07:52,168 - root - INFO - Telegram-X bot process started with PID 174
2025-05-02 12:07:53,025 - __main__ - INFO - Starting Telegram-X integration bot
2025-05-02 12:07:53,048 - __main__ - INFO - Twitter API client initialized
2025-05-02 12:07:53,142 - __main__ - INFO - Status updated: Initializing..., Connected as @yupienfess
2025-05-02 12:07:53,144 - __main__ - INFO - Status updated: Starting Telegram bot subprocess..., Connected as @yupienfess
2025-05-02 12:07:53,144 - __main__ - INFO - Starting Telegram bot subprocess...
2025-05-02 12:07:53,145 - __main__ - INFO - Telegram bot subprocess started with PID 178
2025-05-02 12:07:53,146 - __main__ - INFO - Status updated: Telegram bot running (PID: 178), Connected as @yupienfess
2025-05-02 12:07:53,146 - __main__ - INFO - Entering main loop
2025-05-02 12:07:53,570 - root - INFO - Database tables created
2025-05-02 12:09:27,190 - root - INFO - Telegram-X integration bot logger initialized
2025-05-02 12:09:27,190 - root - INFO - Telegram-X integration bot logger initialized
2025-05-02 12:09:27,684 - root - INFO - Port 5000 is already in use. Starting bot-only mode...
2025-05-02 12:09:27,685 - root - INFO - Running the Telegram-X bot subprocess...
2025-05-02 12:09:27,685 - root - INFO - Telegram-X bot process started with PID 179
2025-05-02 12:09:28,265 - __main__ - INFO - Starting Telegram-X integration bot
2025-05-02 12:09:28,288 - __main__ - INFO - Twitter API client initialized
2025-05-02 12:09:28,369 - __main__ - INFO - Status updated: Initializing..., Connected as @yupienfess
2025-05-02 12:09:28,370 - __main__ - INFO - Status updated: Starting Telegram bot subprocess..., Connected as @yupienfess
2025-05-02 12:09:28,370 - __main__ - INFO - Starting Telegram bot subprocess...
2025-05-02 12:09:28,370 - __main__ - INFO - Telegram bot subprocess started with PID 184
2025-05-02 12:09:28,371 - __main__ - INFO - Status updated: Telegram bot running (PID: 184), Connected as @yupienfess
2025-05-02 12:09:28,371 - __main__ - INFO - Entering main loop
2025-05-02 12:09:28,990 - root - INFO - Database tables created
2025-05-02 12:10:56,604 - root - INFO - Telegram-X integration bot logger initialized
2025-05-02 12:10:58,265 - root - INFO - Database tables created
2025-05-02 12:11:07,487 - root - INFO - Telegram-X integration bot logger initialized
2025-05-02 12:11:09,155 - root - INFO - Database tables created
2025-05-02 12:12:12,517 - root - INFO - Telegram-X integration bot logger initialized
2025-05-02 12:12:13,978 - root - INFO - Database tables created
2025-05-02 12:12:15,754 - root - INFO - Telegram-X integration bot logger initialized
2025-05-02 12:12:15,937 - root - INFO - Port 5000 is already in use. Starting bot-only mode...
2025-05-02 12:12:15,937 - root - INFO - Running the Telegram-X bot subprocess...
2025-05-02 12:12:15,938 - root - INFO - Telegram-X bot process started with PID 533
2025-05-02 12:12:16,600 - __main__ - INFO - Starting Telegram-X integration bot
2025-05-02 12:12:16,626 - __main__ - INFO - Twitter API client initialized
2025-05-02 12:12:16,705 - __main__ - ERROR - Error getting Twitter status: 429 Too Many Requests
Too Many Requests
2025-05-02 12:12:16,706 - __main__ - INFO - Status updated: Initializing..., Not connected
2025-05-02 12:12:16,706 - __main__ - INFO - Status updated: Starting Telegram bot subprocess..., Not connected
2025-05-02 12:12:16,706 - __main__ - INFO - Starting Telegram bot subprocess...
2025-05-02 12:12:16,707 - __main__ - INFO - Telegram bot subprocess started with PID 537
2025-05-02 12:12:16,707 - __main__ - INFO - Status updated: Telegram bot running (PID: 537), Not connected
2025-05-02 12:12:16,707 - __main__ - INFO - Entering main loop
2025-05-02 12:12:21,289 - root - INFO - Telegram-X integration bot logger initialized
2025-05-02 12:12:21,863 - root - INFO - Telegram-X integration bot logger initialized
2025-05-02 12:12:22,067 - root - INFO - Port 5000 is already in use. Starting bot-only mode...
2025-05-02 12:12:22,067 - root - INFO - Running the Telegram-X bot subprocess...
2025-05-02 12:12:22,068 - root - INFO - Telegram-X bot process started with PID 635
2025-05-02 12:12:22,725 - root - INFO - Database tables created
2025-05-02 12:12:22,734 - __main__ - INFO - Starting Telegram-X integration bot
2025-05-02 12:12:22,760 - __main__ - INFO - Twitter API client initialized
2025-05-02 12:12:22,825 - __main__ - ERROR - Error getting Twitter status: 429 Too Many Requests
Too Many Requests
2025-05-02 12:12:22,825 - __main__ - INFO - Status updated: Initializing..., Not connected
2025-05-02 12:12:22,826 - __main__ - INFO - Status updated: Starting Telegram bot subprocess..., Not connected
2025-05-02 12:12:22,826 - __main__ - INFO - Starting Telegram bot subprocess...
2025-05-02 12:12:22,826 - __main__ - INFO - Telegram bot subprocess started with PID 641
2025-05-02 12:12:22,827 - __main__ - INFO - Status updated: Telegram bot running (PID: 641), Not connected
2025-05-02 12:12:22,827 - __main__ - INFO - Entering main loop
2025-05-02 12:13:04,572 - root - INFO - Telegram-X integration bot logger initialized
2025-05-02 12:13:06,076 - root - INFO - Database tables created
2025-05-02 12:13:09,752 - root - INFO - Telegram-X integration bot logger initialized
2025-05-02 12:13:11,280 - root - INFO - Database tables created
2025-05-02 12:13:14,949 - root - INFO - Telegram-X integration bot logger initialized
2025-05-02 12:13:16,413 - root - INFO - Database tables created
2025-05-02 12:13:33,100 - root - INFO - Telegram-X integration bot logger initialized
2025-05-02 12:13:34,565 - root - INFO - Database tables created
2025-05-02 12:13:44,140 - root - INFO - Telegram-X integration bot logger initialized
2025-05-02 12:13:45,606 - root - INFO - Database tables created
2025-05-02 12:13:47,204 - root - INFO - Telegram-X integration bot logger initialized
2025-05-02 12:13:48,675 - root - INFO - Database tables created
2025-05-02 12:13:54,675 - root - INFO - Telegram-X integration bot logger initialized
2025-05-02 12:13:54,856 - root - INFO - Port 5000 is already in use. Starting bot-only mode...
2025-05-02 12:13:54,856 - root - INFO - Running the Telegram-X bot subprocess...
2025-05-02 12:13:54,857 - root - INFO - Telegram-X bot process started with PID 908
2025-05-02 12:13:55,573 - __main__ - INFO - Starting Telegram-X integration bot
2025-05-02 12:13:55,596 - __main__ - INFO - Twitter API client initialized
2025-05-02 12:13:55,669 - __main__ - ERROR - Error getting Twitter status: 429 Too Many Requests
Too Many Requests
2025-05-02 12:13:55,673 - __main__ - INFO - Status updated: Initializing..., Not connected
2025-05-02 12:13:55,674 - __main__ - INFO - Status updated: Starting Telegram bot subprocess..., Not connected
2025-05-02 12:13:55,674 - __main__ - INFO - Starting Telegram bot subprocess...
2025-05-02 12:13:55,674 - __main__ - INFO - Telegram bot subprocess started with PID 913
2025-05-02 12:13:55,675 - __main__ - INFO - Status updated: Telegram bot running (PID: 913), Not connected
2025-05-02 12:13:55,675 - __main__ - INFO - Entering main loop
2025-05-02 12:14:13,443 - root - INFO - Telegram-X integration bot logger initialized
2025-05-02 12:14:13,850 - root - INFO - Telegram-X integration bot logger initialized
2025-05-02 12:14:14,017 - root - INFO - Port 5000 is already in use. Starting bot-only mode...
2025-05-02 12:14:14,018 - root - INFO - Running the Telegram-X bot subprocess...
2025-05-02 12:14:14,018 - root - INFO - Telegram-X bot process started with PID 1022
2025-05-02 12:14:14,572 - __main__ - INFO - Starting Telegram-X integration bot
2025-05-02 12:14:14,593 - __main__ - INFO - Twitter API client initialized
2025-05-02 12:14:14,665 - __main__ - ERROR - Error getting Twitter status: 429 Too Many Requests
Too Many Requests
2025-05-02 12:14:14,666 - __main__ - INFO - Status updated: Initializing..., Not connected
2025-05-02 12:14:14,666 - __main__ - INFO - Status updated: Starting Telegram bot subprocess..., Not connected
2025-05-02 12:14:14,666 - __main__ - INFO - Starting Telegram bot subprocess...
2025-05-02 12:14:14,667 - __main__ - INFO - Telegram bot subprocess started with PID 1027
2025-05-02 12:14:14,667 - __main__ - INFO - Status updated: Telegram bot running (PID: 1027), Not connected
2025-05-02 12:14:14,667 - __main__ - INFO - Entering main loop
2025-05-02 12:14:14,930 - root - INFO - Database tables created
2025-05-02 12:23:52,657 - root - INFO - Telegram-X integration bot logger initialized
2025-05-02 12:23:54,156 - root - INFO - Database tables created
2025-05-02 12:23:58,009 - root - INFO - Telegram-X integration bot logger initialized
2025-05-02 12:23:59,054 - root - INFO - Port 5000 is already in use. Starting bot-only mode...
2025-05-02 12:23:59,054 - root - INFO - Running the Telegram-X bot subprocess...
2025-05-02 12:23:59,055 - root - INFO - Telegram-X bot process started with PID 1284
2025-05-02 12:23:59,686 - __main__ - INFO - Starting Telegram-X integration bot
2025-05-02 12:23:59,704 - __main__ - INFO - Twitter API client initialized
2025-05-02 12:23:59,775 - __main__ - ERROR - Error getting Twitter status: 429 Too Many Requests
Too Many Requests
2025-05-02 12:23:59,776 - __main__ - INFO - Status updated: Initializing..., Not connected
2025-05-02 12:23:59,776 - __main__ - INFO - Status updated: Starting Telegram bot subprocess..., Not connected
2025-05-02 12:23:59,776 - __main__ - INFO - Starting Telegram bot subprocess...
2025-05-02 12:23:59,777 - __main__ - INFO - Telegram bot subprocess started with PID 1289
2025-05-02 12:23:59,777 - __main__ - INFO - Status updated: Telegram bot running (PID: 1289), Not connected
2025-05-02 12:23:59,778 - __main__ - INFO - Entering main loop
2025-05-02 12:24:12,556 - root - INFO - Telegram-X integration bot logger initialized
2025-05-02 12:24:12,797 - root - INFO - Port 5000 is already in use. Starting bot-only mode...
2025-05-02 12:24:12,798 - root - INFO - Running the Telegram-X bot subprocess...
2025-05-02 12:24:12,799 - root - INFO - Telegram-X bot process started with PID 1370
2025-05-02 12:24:13,687 - __main__ - INFO - Starting Telegram-X integration bot
2025-05-02 12:24:13,719 - __main__ - INFO - Twitter API client initialized
2025-05-02 12:24:13,785 - __main__ - ERROR - Error getting Twitter status: 429 Too Many Requests
Too Many Requests
2025-05-02 12:24:13,785 - __main__ - INFO - Status updated: Initializing..., Connected (rate limited)
2025-05-02 12:24:13,786 - __main__ - INFO - Status updated: Starting Telegram bot subprocess..., Connected (rate limited)
2025-05-02 12:24:13,786 - __main__ - INFO - Starting Telegram bot subprocess...
2025-05-02 12:24:13,787 - __main__ - INFO - Telegram bot subprocess started with PID 1375
2025-05-02 12:24:13,788 - __main__ - INFO - Status updated: Telegram bot running (PID: 1375), Connected (rate limited)
2025-05-02 12:24:13,788 - __main__ - INFO - Entering main loop
2025-05-02 12:24:20,947 - root - INFO - Telegram-X integration bot logger initialized
2025-05-02 12:24:21,907 - root - INFO - Telegram-X integration bot logger initialized
2025-05-02 12:24:22,228 - root - INFO - Port 5000 is already in use. Starting bot-only mode...
2025-05-02 12:24:22,228 - root - INFO - Running the Telegram-X bot subprocess...
2025-05-02 12:24:22,229 - root - INFO - Telegram-X bot process started with PID 1428
2025-05-02 12:24:22,742 - root - INFO - Database tables created
2025-05-02 12:24:23,529 - __main__ - INFO - Starting Telegram-X integration bot
2025-05-02 12:24:23,570 - __main__ - INFO - Twitter API client initialized
2025-05-02 12:24:23,649 - __main__ - ERROR - Error getting Twitter status: 429 Too Many Requests
Too Many Requests
2025-05-02 12:24:23,651 - __main__ - INFO - Status updated: Initializing..., Connected (rate limited)
2025-05-02 12:24:23,652 - __main__ - INFO - Status updated: Starting Telegram bot subprocess..., Connected (rate limited)
2025-05-02 12:24:23,652 - __main__ - INFO - Starting Telegram bot subprocess...
2025-05-02 12:24:23,654 - __main__ - INFO - Telegram bot subprocess started with PID 1435
2025-05-02 12:24:23,654 - __main__ - INFO - Status updated: Telegram bot running (PID: 1435), Connected (rate limited)
2025-05-02 12:24:23,654 - __main__ - INFO - Entering main loop
2025-05-02 12:48:18,998 - root - INFO - Telegram-X integration bot logger initialized
2025-05-02 12:48:19,002 - root - INFO - Telegram-X integration bot logger initialized
2025-05-02 12:48:19,465 - root - INFO - Port 5000 is already in use. Starting bot-only mode...
2025-05-02 12:48:19,466 - root - INFO - Running the Telegram-X bot subprocess...
2025-05-02 12:48:19,466 - root - INFO - Telegram-X bot process started with PID 152
2025-05-02 12:48:20,044 - __main__ - INFO - Starting Telegram-X integration bot
2025-05-02 12:48:20,061 - __main__ - INFO - Twitter API client initialized
2025-05-02 12:48:20,128 - __main__ - ERROR - Error getting Twitter status: 429 Too Many Requests
Too Many Requests
2025-05-02 12:48:20,128 - __main__ - INFO - Status updated: Initializing..., Connected (rate limited)
2025-05-02 12:48:20,129 - __main__ - INFO - Status updated: Starting Telegram bot subprocess..., Connected (rate limited)
2025-05-02 12:48:20,129 - __main__ - INFO - Starting Telegram bot subprocess...
2025-05-02 12:48:20,129 - __main__ - INFO - Telegram bot subprocess started with PID 157
2025-05-02 12:48:20,130 - __main__ - INFO - Status updated: Telegram bot running (PID: 157), Connected (rate limited)
2025-05-02 12:48:20,130 - __main__ - INFO - Entering main loop
2025-05-02 12:48:21,673 - root - INFO - Database tables created
2025-05-02 12:49:56,211 - root - INFO - Telegram-X integration bot logger initialized
2025-05-02 12:49:56,214 - root - INFO - Telegram-X integration bot logger initialized
2025-05-02 12:49:56,741 - root - INFO - Port 5000 is already in use. Starting bot-only mode...
2025-05-02 12:49:56,741 - root - INFO - Running the Telegram-X bot subprocess...
2025-05-02 12:49:56,742 - root - INFO - Telegram-X bot process started with PID 82
2025-05-02 12:49:57,442 - __main__ - INFO - Starting Telegram-X integration bot
2025-05-02 12:49:57,468 - __main__ - INFO - Twitter API client initialized
2025-05-02 12:49:57,536 - __main__ - ERROR - Error getting Twitter status: 429 Too Many Requests
Too Many Requests
2025-05-02 12:49:57,537 - __main__ - INFO - Status updated: Initializing..., Connected (rate limited)
2025-05-02 12:49:57,537 - __main__ - INFO - Status updated: Starting Telegram bot subprocess..., Connected (rate limited)
2025-05-02 12:49:57,537 - __main__ - INFO - Starting Telegram bot subprocess...
2025-05-02 12:49:57,537 - __main__ - INFO - Telegram bot subprocess started with PID 87
2025-05-02 12:49:57,538 - __main__ - INFO - Status updated: Telegram bot running (PID: 87), Connected (rate limited)
2025-05-02 12:49:57,538 - __main__ - INFO - Entering main loop
2025-05-02 12:49:58,791 - root - INFO - Database tables created
2025-05-02 12:51:34,444 - root - INFO - Telegram-X integration bot logger initialized
2025-05-02 12:51:37,696 - root - INFO - Telegram-X integration bot logger initialized
2025-05-02 12:51:37,884 - root - INFO - Port 5000 is already in use. Starting bot-only mode...
2025-05-02 12:51:37,884 - root - INFO - Running the Telegram-X bot subprocess...
2025-05-02 12:51:37,885 - root - INFO - Telegram-X bot process started with PID 271
2025-05-02 12:51:38,321 - root - INFO - Database tables created
2025-05-02 12:51:38,470 - __main__ - INFO - Starting Telegram-X integration bot
2025-05-02 12:51:38,489 - __main__ - INFO - Twitter API client initialized
2025-05-02 12:51:38,555 - __main__ - ERROR - Error getting Twitter status: 429 Too Many Requests
Too Many Requests
2025-05-02 12:51:38,556 - __main__ - INFO - Status updated: Initializing..., Connected (rate limited)
2025-05-02 12:51:38,556 - __main__ - INFO - Status updated: Starting Telegram bot subprocess..., Connected (rate limited)
2025-05-02 12:51:38,557 - __main__ - INFO - Starting Telegram bot subprocess...
2025-05-02 12:51:38,557 - __main__ - INFO - Telegram bot subprocess started with PID 277
2025-05-02 12:51:38,557 - __main__ - INFO - Status updated: Telegram bot running (PID: 277), Connected (rate limited)
2025-05-02 12:51:38,557 - __main__ - INFO - Entering main loop
2025-05-02 13:00:06,686 - root - INFO - Telegram-X integration bot logger initialized
2025-05-02 13:00:06,689 - root - INFO - Telegram-X integration bot logger initialized
2025-05-02 13:00:07,238 - root - INFO - Port 5000 is already in use. Starting bot-only mode...
2025-05-02 13:00:07,239 - root - INFO - Running the Telegram-X bot subprocess...
2025-05-02 13:00:07,241 - root - INFO - Telegram-X bot process started with PID 158
2025-05-02 13:00:07,886 - __main__ - INFO - Starting Telegram-X integration bot
2025-05-02 13:00:07,905 - __main__ - INFO - Twitter API client initialized
2025-05-02 13:00:07,992 - __main__ - ERROR - Error getting Twitter status: 429 Too Many Requests
Too Many Requests
2025-05-02 13:00:07,993 - __main__ - INFO - Status updated: Initializing..., Connected (rate limited)
2025-05-02 13:00:07,993 - __main__ - INFO - Status updated: Starting Telegram bot subprocess..., Connected (rate limited)
2025-05-02 13:00:07,993 - __main__ - INFO - Starting Telegram bot subprocess...
2025-05-02 13:00:07,994 - __main__ - INFO - Telegram bot subprocess started with PID 164
2025-05-02 13:00:07,995 - __main__ - INFO - Status updated: Telegram bot running (PID: 164), Connected (rate limited)
2025-05-02 13:00:07,995 - __main__ - INFO - Entering main loop
2025-05-02 13:00:13,187 - root - INFO - Database tables created
2025-05-02 13:03:30,763 - root - INFO - Telegram-X integration bot logger initialized
2025-05-02 13:03:30,766 - root - INFO - Telegram-X integration bot logger initialized
2025-05-02 13:03:31,327 - root - INFO - Port 5000 is already in use. Starting bot-only mode...
2025-05-02 13:03:31,328 - root - INFO - Running the Telegram-X bot subprocess...
2025-05-02 13:03:31,329 - root - INFO - Telegram-X bot process started with PID 157
2025-05-02 13:03:31,918 - __main__ - INFO - Starting Telegram-X integration bot
2025-05-02 13:03:31,939 - __main__ - INFO - Twitter API client initialized
2025-05-02 13:03:32,009 - __main__ - ERROR - Error getting Twitter status: 429 Too Many Requests
Too Many Requests
2025-05-02 13:03:32,010 - __main__ - INFO - Status updated: Initializing..., Connected (rate limited)
2025-05-02 13:03:32,010 - __main__ - INFO - Status updated: Starting Telegram bot subprocess..., Connected (rate limited)
2025-05-02 13:03:32,010 - __main__ - INFO - Starting Telegram bot subprocess...
2025-05-02 13:03:32,012 - __main__ - INFO - Telegram bot subprocess started with PID 162
2025-05-02 13:03:32,012 - __main__ - INFO - Status updated: Telegram bot running (PID: 162), Connected (rate limited)
2025-05-02 13:03:32,012 - __main__ - INFO - Entering main loop
2025-05-02 13:03:33,199 - root - INFO - Database tables created
2025-05-02 13:22:14,275 - root - INFO - Telegram-X integration bot logger initialized
2025-05-02 13:22:14,290 - root - INFO - Telegram-X integration bot logger initialized
2025-05-02 13:22:14,940 - root - INFO - Port 5000 is already in use. Starting bot-only mode...
2025-05-02 13:22:14,945 - root - INFO - Running the Telegram-X bot subprocess...
2025-05-02 13:22:14,946 - root - INFO - Telegram-X bot process started with PID 144
2025-05-02 13:22:15,685 - __main__ - INFO - Starting Telegram-X integration bot
2025-05-02 13:22:15,707 - __main__ - INFO - Twitter API client initialized
2025-05-02 13:22:15,784 - __main__ - ERROR - Error getting Twitter status: 429 Too Many Requests
Too Many Requests
2025-05-02 13:22:15,787 - __main__ - INFO - Status updated: Initializing..., Connected (rate limited)
2025-05-02 13:22:15,788 - __main__ - INFO - Status updated: Starting Telegram bot subprocess..., Connected (rate limited)
2025-05-02 13:22:15,788 - __main__ - INFO - Starting Telegram bot subprocess...
2025-05-02 13:22:15,790 - __main__ - INFO - Telegram bot subprocess started with PID 148
2025-05-02 13:22:15,790 - __main__ - INFO - Status updated: Telegram bot running (PID: 148), Connected (rate limited)
2025-05-02 13:22:15,790 - __main__ - INFO - Entering main loop
2025-05-02 13:22:16,885 - root - INFO - Database tables created
2025-05-02 14:06:34,287 - root - INFO - Telegram-X integration bot logger initialized
2025-05-02 14:06:34,289 - root - INFO - Telegram-X integration bot logger initialized
2025-05-02 14:06:34,807 - root - INFO - Port 5000 is already in use. Starting bot-only mode...
2025-05-02 14:06:34,808 - root - INFO - Running the Telegram-X bot subprocess...
2025-05-02 14:06:34,808 - root - INFO - Telegram-X bot process started with PID 180
2025-05-02 14:06:35,474 - __main__ - INFO - Starting Telegram-X integration bot
2025-05-02 14:06:35,497 - __main__ - INFO - Twitter API client initialized
2025-05-02 14:06:35,583 - __main__ - ERROR - Error getting Twitter status: 429 Too Many Requests
Too Many Requests
2025-05-02 14:06:35,584 - __main__ - INFO - Status updated: Initializing..., Connected (rate limited)
2025-05-02 14:06:35,584 - __main__ - INFO - Status updated: Starting Telegram bot subprocess..., Connected (rate limited)
2025-05-02 14:06:35,584 - __main__ - INFO - Starting Telegram bot subprocess...
2025-05-02 14:06:35,585 - __main__ - INFO - Telegram bot subprocess started with PID 194
2025-05-02 14:06:35,585 - __main__ - INFO - Status updated: Telegram bot running (PID: 194), Connected (rate limited)
2025-05-02 14:06:35,586 - __main__ - INFO - Entering main loop
2025-05-02 14:06:36,205 - root - INFO - Database tables created
2025-05-02 14:12:00,206 - root - INFO - Ping endpoint accessed from IP: 127.0.0.1
2025-05-02 14:12:11,614 - root - INFO - Telegram-X integration bot logger initialized
2025-05-02 14:12:13,203 - root - INFO - Database tables created
2025-05-02 14:12:15,192 - root - INFO - Ping endpoint accessed from IP: 127.0.0.1
2025-05-02 14:12:18,313 - root - INFO - Plain ping endpoint accessed from IP: 127.0.0.1
2025-05-02 14:12:32,855 - root - INFO - Telegram-X integration bot logger initialized
2025-05-02 14:12:34,337 - root - INFO - Database tables created
2025-05-02 14:12:36,525 - root - INFO - Telegram-X integration bot logger initialized
2025-05-02 14:12:37,932 - root - INFO - Database tables created
2025-05-02 14:12:39,608 - root - INFO - Health check accessed from IP: 127.0.0.1
2025-05-02 14:13:13,348 - root - INFO - Telegram-X integration bot logger initialized
2025-05-02 14:13:13,837 - root - INFO - Telegram-X integration bot logger initialized
2025-05-02 14:13:14,021 - root - INFO - Port 5000 is already in use. Starting bot-only mode...
2025-05-02 14:13:14,021 - root - INFO - Running the Telegram-X bot subprocess...
2025-05-02 14:13:14,024 - root - INFO - Telegram-X bot process started with PID 606
2025-05-02 14:13:14,595 - __main__ - INFO - Starting Telegram-X integration bot
2025-05-02 14:13:14,615 - __main__ - INFO - Twitter API client initialized
2025-05-02 14:13:14,685 - __main__ - ERROR - Error getting Twitter status: 429 Too Many Requests
Too Many Requests
2025-05-02 14:13:14,689 - __main__ - INFO - Status updated: Initializing..., Connected (rate limited)
2025-05-02 14:13:14,689 - __main__ - INFO - Status updated: Starting Telegram bot subprocess..., Connected (rate limited)
2025-05-02 14:13:14,690 - __main__ - INFO - Starting Telegram bot subprocess...
2025-05-02 14:13:14,692 - __main__ - INFO - Telegram bot subprocess started with PID 611
2025-05-02 14:13:14,692 - __main__ - INFO - Status updated: Telegram bot running (PID: 611), Connected (rate limited)
2025-05-02 14:13:14,693 - __main__ - INFO - Entering main loop
2025-05-02 14:13:14,803 - root - INFO - Database tables created
2025-05-02 14:13:41,389 - root - INFO - Telegram-X integration bot logger initialized
2025-05-02 14:13:42,780 - root - INFO - Database tables created
2025-05-02 14:13:55,330 - root - INFO - Telegram-X integration bot logger initialized
2025-05-02 14:13:56,784 - root - INFO - Database tables created
2025-05-02 14:14:02,302 - root - INFO - Telegram-X integration bot logger initialized
2025-05-02 14:14:03,825 - root - INFO - Database tables created
2025-05-02 14:14:07,461 - root - INFO - Telegram-X integration bot logger initialized
2025-05-02 14:14:08,953 - root - INFO - Database tables created
2025-05-02 14:14:11,025 - root - INFO - Health check accessed from IP: 127.0.0.1, User-Agent: curl/8.11.1
2025-05-02 14:31:42,443 - root - INFO - Telegram-X integration bot logger initialized
2025-05-02 14:31:42,447 - root - INFO - Telegram-X integration bot logger initialized
2025-05-02 14:31:43,252 - root - INFO - Port 5000 is already in use. Starting bot-only mode...
2025-05-02 14:31:43,253 - root - INFO - Running the Telegram-X bot subprocess...
2025-05-02 14:31:43,253 - root - INFO - Telegram-X bot process started with PID 1101
2025-05-02 14:31:43,902 - __main__ - INFO - Starting Telegram-X integration bot
2025-05-02 14:31:43,926 - __main__ - INFO - Twitter API client initialized
2025-05-02 14:31:44,008 - __main__ - ERROR - Error getting Twitter status: 429 Too Many Requests
Too Many Requests
2025-05-02 14:31:44,009 - __main__ - INFO - Status updated: Initializing..., Connected (rate limited)
2025-05-02 14:31:44,010 - __main__ - INFO - Status updated: Starting Telegram bot subprocess..., Connected (rate limited)
2025-05-02 14:31:44,010 - __main__ - INFO - Starting Telegram bot subprocess...
2025-05-02 14:31:44,011 - __main__ - INFO - Telegram bot subprocess started with PID 1112
2025-05-02 14:31:44,012 - __main__ - INFO - Status updated: Telegram bot running (PID: 1112), Connected (rate limited)
2025-05-02 14:31:44,012 - __main__ - INFO - Entering main loop
2025-05-02 14:31:44,658 - root - INFO - Database tables created
2025-05-02 14:32:32,729 - root - INFO - Telegram-X integration bot logger initialized
2025-05-02 14:32:34,249 - root - INFO - Database tables created
2025-05-02 14:33:22,992 - root - INFO - Telegram-X integration bot logger initialized
2025-05-02 14:33:24,433 - root - INFO - Database tables created
2025-05-02 14:33:33,045 - root - INFO - Telegram-X integration bot logger initialized
2025-05-02 14:33:34,497 - root - INFO - Database tables created
2025-05-02 14:33:37,095 - root - INFO - Telegram-X integration bot logger initialized
2025-05-02 14:33:38,654 - root - INFO - Database tables created
2025-05-02 14:41:55,646 - root - INFO - Telegram-X integration bot logger initialized
2025-05-02 14:41:55,652 - root - INFO - Telegram-X integration bot logger initialized
2025-05-02 14:41:56,223 - root - INFO - Port 5000 is already in use. Starting bot-only mode...
2025-05-02 14:41:56,223 - root - INFO - Running the Telegram-X bot subprocess...
2025-05-02 14:41:56,224 - root - INFO - Telegram-X bot process started with PID 181
2025-05-02 14:41:56,943 - __main__ - INFO - Starting Telegram-X integration bot
2025-05-02 14:41:56,968 - __main__ - INFO - Twitter API client initialized
2025-05-02 14:41:57,052 - __main__ - ERROR - Error getting Twitter status: 429 Too Many Requests
Too Many Requests
2025-05-02 14:41:57,053 - __main__ - INFO - Status updated: Initializing..., Connected (rate limited)
2025-05-02 14:41:57,054 - __main__ - INFO - Status updated: Starting Telegram bot subprocess..., Connected (rate limited)
2025-05-02 14:41:57,054 - __main__ - INFO - Starting Telegram bot subprocess...
2025-05-02 14:41:57,055 - __main__ - INFO - Telegram bot subprocess started with PID 186
2025-05-02 14:41:57,056 - __main__ - INFO - Status updated: Telegram bot running (PID: 186), Connected (rate limited)
2025-05-02 14:41:57,056 - __main__ - INFO - Entering main loop
2025-05-02 14:41:57,603 - root - INFO - Database tables created
2025-05-02 14:42:55,420 - root - INFO - Telegram-X integration bot logger initialized
2025-05-02 14:42:55,423 - root - INFO - Telegram-X integration bot logger initialized
2025-05-02 14:42:56,031 - root - INFO - Port 5000 is already in use. Starting bot-only mode...
2025-05-02 14:42:56,031 - root - INFO - Running the Telegram-X bot subprocess...
2025-05-02 14:42:56,033 - root - INFO - Telegram-X bot process started with PID 133
2025-05-02 14:42:56,892 - __main__ - INFO - Starting Telegram-X integration bot
2025-05-02 14:42:56,922 - __main__ - INFO - Twitter API client initialized
2025-05-02 14:42:56,987 - __main__ - ERROR - Error getting Twitter status: 429 Too Many Requests
Too Many Requests
2025-05-02 14:42:56,988 - __main__ - INFO - Status updated: Initializing..., Connected (rate limited)
2025-05-02 14:42:56,988 - __main__ - INFO - Status updated: Starting Telegram bot subprocess..., Connected (rate limited)
2025-05-02 14:42:56,988 - __main__ - INFO - Starting Telegram bot subprocess...
2025-05-02 14:42:56,989 - __main__ - INFO - Telegram bot subprocess started with PID 153
2025-05-02 14:42:56,991 - __main__ - INFO - Status updated: Telegram bot running (PID: 153), Connected (rate limited)
2025-05-02 14:42:56,991 - __main__ - INFO - Entering main loop
2025-05-02 14:42:57,446 - root - INFO - Database tables created
2025-05-02 15:01:11,598 - root - INFO - Browser ping page accessed from IP: 127.0.0.1, User-Agent: curl/8.11.1
2025-05-02 15:01:14,977 - root - INFO - Health check accessed from IP: 127.0.0.1, User-Agent: curl/8.11.1
2025-05-02 15:02:12,366 - root - INFO - Telegram-X integration bot logger initialized
2025-05-02 15:02:13,924 - root - INFO - Database tables created
2025-05-02 15:02:18,086 - root - INFO - Telegram-X integration bot logger initialized
2025-05-02 15:02:18,730 - root - INFO - Telegram-X integration bot logger initialized
2025-05-02 15:02:18,981 - root - INFO - Port 5000 is already in use. Starting bot-only mode...
2025-05-02 15:02:18,981 - root - INFO - Running the Telegram-X bot subprocess...
2025-05-02 15:02:18,985 - root - INFO - Telegram-X bot process started with PID 526
2025-05-02 15:02:19,599 - root - INFO - Database tables created
2025-05-02 15:02:19,764 - __main__ - INFO - Starting Telegram-X integration bot
2025-05-02 15:02:19,791 - __main__ - INFO - Twitter API client initialized
2025-05-02 15:02:19,872 - __main__ - ERROR - Error getting Twitter status: 429 Too Many Requests
Too Many Requests
2025-05-02 15:02:19,872 - __main__ - INFO - Status updated: Initializing..., Connected (rate limited)
2025-05-02 15:02:19,873 - __main__ - INFO - Status updated: Starting Telegram bot subprocess..., Connected (rate limited)
2025-05-02 15:02:19,873 - __main__ - INFO - Starting Telegram bot subprocess...
2025-05-02 15:02:19,873 - __main__ - INFO - Telegram bot subprocess started with PID 534
2025-05-02 15:02:19,873 - __main__ - INFO - Status updated: Telegram bot running (PID: 534), Connected (rate limited)
2025-05-02 15:02:19,874 - __main__ - INFO - Entering main loop
2025-05-02 15:05:47,588 - root - INFO - Telegram-X integration bot logger initialized
2025-05-02 15:05:47,591 - root - INFO - Telegram-X integration bot logger initialized
2025-05-02 15:05:48,081 - root - INFO - Port 5000 is already in use. Starting bot-only mode...
2025-05-02 15:05:48,082 - root - INFO - Running the Telegram-X bot subprocess...
2025-05-02 15:05:48,083 - root - INFO - Telegram-X bot process started with PID 174
2025-05-02 15:05:48,716 - __main__ - INFO - Starting Telegram-X integration bot
2025-05-02 15:05:48,739 - __main__ - INFO - Twitter API client initialized
2025-05-02 15:05:48,806 - __main__ - ERROR - Error getting Twitter status: 429 Too Many Requests
Too Many Requests
2025-05-02 15:05:48,807 - __main__ - INFO - Status updated: Initializing..., Connected (rate limited)
2025-05-02 15:05:48,807 - __main__ - INFO - Status updated: Starting Telegram bot subprocess..., Connected (rate limited)
2025-05-02 15:05:48,807 - __main__ - INFO - Starting Telegram bot subprocess...
2025-05-02 15:05:48,808 - __main__ - INFO - Telegram bot subprocess started with PID 179
2025-05-02 15:05:48,808 - __main__ - INFO - Status updated: Telegram bot running (PID: 179), Connected (rate limited)
2025-05-02 15:05:48,808 - __main__ - INFO - Entering main loop
2025-05-02 15:05:49,409 - root - INFO - Database tables created
2025-05-02 15:07:06,785 - root - INFO - Telegram-X integration bot logger initialized
2025-05-02 15:07:08,269 - root - INFO - Database tables created
2025-05-02 15:07:09,755 - root - INFO - Telegram-X integration bot logger initialized
2025-05-02 15:07:09,953 - root - INFO - Port 5000 is already in use. Starting bot-only mode...
2025-05-02 15:07:09,953 - root - INFO - Running the Telegram-X bot subprocess...
2025-05-02 15:07:09,957 - root - INFO - Telegram-X bot process started with PID 267
2025-05-02 15:07:10,514 - __main__ - INFO - Starting Telegram-X integration bot
2025-05-02 15:07:10,533 - __main__ - INFO - Twitter API client initialized
2025-05-02 15:07:10,608 - __main__ - ERROR - Error getting Twitter status: 429 Too Many Requests
Too Many Requests
2025-05-02 15:07:10,609 - __main__ - INFO - Status updated: Initializing..., Connected (rate limited)
2025-05-02 15:07:10,609 - __main__ - INFO - Status updated: Starting Telegram bot subprocess..., Connected (rate limited)
2025-05-02 15:07:10,609 - __main__ - INFO - Starting Telegram bot subprocess...
2025-05-02 15:07:10,610 - __main__ - INFO - Telegram bot subprocess started with PID 272
2025-05-02 15:07:10,610 - __main__ - INFO - Status updated: Telegram bot running (PID: 272), Connected (rate limited)
2025-05-02 15:07:10,610 - __main__ - INFO - Entering main loop
2025-05-02 15:22:47,770 - root - INFO - Health check accessed from IP: 127.0.0.1, User-Agent: curl/8.11.1
2025-05-02 15:24:19,891 - root - INFO - Health check accessed from IP: 172.31.128.22, User-Agent: Mozilla/5.0 (Windows NT 10.0; Win64; x64) AppleWebKit/537.36 (KHTML, like Gecko) Chrome/135.0.0.0 Safari/537.36
2025-05-02 16:04:33,602 - root - INFO - Telegram-X integration bot logger initialized
2025-05-02 16:04:33,606 - root - INFO - Telegram-X integration bot logger initialized
2025-05-02 16:04:34,119 - root - INFO - Port 5000 is already in use. Starting bot-only mode...
2025-05-02 16:04:34,119 - root - INFO - Running the Telegram-X bot subprocess...
2025-05-02 16:04:34,119 - root - INFO - Telegram-X bot process started with PID 167
2025-05-02 16:04:34,762 - __main__ - INFO - Starting Telegram-X integration bot
2025-05-02 16:04:34,783 - __main__ - INFO - Twitter API client initialized
2025-05-02 16:04:34,857 - __main__ - ERROR - Error getting Twitter status: 429 Too Many Requests
Too Many Requests
2025-05-02 16:04:34,858 - __main__ - INFO - Status updated: Initializing..., Connected (rate limited)
2025-05-02 16:04:34,858 - __main__ - INFO - Status updated: Starting Telegram bot subprocess..., Connected (rate limited)
2025-05-02 16:04:34,858 - __main__ - INFO - Starting Telegram bot subprocess...
2025-05-02 16:04:34,859 - __main__ - INFO - Telegram bot subprocess started with PID 172
2025-05-02 16:04:34,859 - __main__ - INFO - Status updated: Telegram bot running (PID: 172), Connected (rate limited)
2025-05-02 16:04:34,859 - __main__ - INFO - Entering main loop
2025-05-02 16:04:35,859 - root - INFO - Database tables created
2025-05-02 16:19:18,600 - root - INFO - Telegram-X integration bot logger initialized
2025-05-02 16:19:18,606 - root - INFO - Telegram-X integration bot logger initialized
2025-05-02 16:19:19,237 - root - INFO - Port 5000 is already in use. Starting bot-only mode...
2025-05-02 16:19:19,242 - root - INFO - Running the Telegram-X bot subprocess...
2025-05-02 16:19:19,247 - root - INFO - Telegram-X bot process started with PID 127
2025-05-02 16:19:20,052 - __main__ - INFO - Starting Telegram-X integration bot
2025-05-02 16:19:20,076 - __main__ - INFO - Twitter API client initialized
2025-05-02 16:19:20,151 - __main__ - ERROR - Error getting Twitter status: 429 Too Many Requests
Too Many Requests
2025-05-02 16:19:20,151 - __main__ - INFO - Status updated: Initializing..., Connected (rate limited)
2025-05-02 16:19:20,152 - __main__ - INFO - Status updated: Starting Telegram bot subprocess..., Connected (rate limited)
2025-05-02 16:19:20,152 - __main__ - INFO - Starting Telegram bot subprocess...
2025-05-02 16:19:20,153 - __main__ - INFO - Telegram bot subprocess started with PID 132
2025-05-02 16:19:20,154 - __main__ - INFO - Status updated: Telegram bot running (PID: 132), Connected (rate limited)
2025-05-02 16:19:20,154 - __main__ - INFO - Entering main loop
2025-05-02 16:19:21,375 - root - INFO - Database tables created
2025-05-02 16:49:21,002 - root - INFO - Telegram-X integration bot logger initialized
2025-05-02 16:49:21,009 - root - INFO - Telegram-X integration bot logger initialized
2025-05-02 16:49:21,626 - root - INFO - Port 5000 is already in use. Starting bot-only mode...
2025-05-02 16:49:21,626 - root - INFO - Running the Telegram-X bot subprocess...
2025-05-02 16:49:21,627 - root - INFO - Telegram-X bot process started with PID 135
2025-05-02 16:49:22,277 - __main__ - INFO - Starting Telegram-X integration bot
2025-05-02 16:49:22,297 - __main__ - INFO - Twitter API client initialized
2025-05-02 16:49:22,369 - __main__ - ERROR - Error getting Twitter status: 429 Too Many Requests
Too Many Requests
2025-05-02 16:49:22,369 - __main__ - INFO - Status updated: Initializing..., Connected (rate limited)
2025-05-02 16:49:22,370 - __main__ - INFO - Status updated: Starting Telegram bot subprocess..., Connected (rate limited)
2025-05-02 16:49:22,370 - __main__ - INFO - Starting Telegram bot subprocess...
2025-05-02 16:49:22,370 - __main__ - INFO - Telegram bot subprocess started with PID 139
2025-05-02 16:49:22,371 - __main__ - INFO - Status updated: Telegram bot running (PID: 139), Connected (rate limited)
2025-05-02 16:49:22,371 - __main__ - INFO - Entering main loop
2025-05-02 16:49:23,673 - root - INFO - Database tables created
2025-05-02 17:10:32,971 - root - INFO - Health check accessed from IP: 172.31.128.64, User-Agent: python-requests/2.32.3
2025-05-02 17:22:15,519 - root - INFO - Health check accessed from IP: 172.31.128.64, User-Agent: Mozilla/5.0+(compatible; UptimeRobot/2.0; http://www.uptimerobot.com/)
2025-05-02 17:25:02,349 - root - INFO - Health check accessed from IP: 172.31.128.64, User-Agent: Mozilla/5.0 (Windows NT 10.0; Win64; x64) AppleWebKit/537.36 (KHTML, like Gecko) Chrome/135.0.0.0 Safari/537.36
2025-05-02 17:42:18,756 - root - INFO - Telegram-X integration bot logger initialized
2025-05-02 17:42:18,760 - root - INFO - Telegram-X integration bot logger initialized
2025-05-02 17:42:19,291 - root - INFO - Port 5000 is already in use. Starting bot-only mode...
2025-05-02 17:42:19,291 - root - INFO - Running the Telegram-X bot subprocess...
2025-05-02 17:42:19,292 - root - INFO - Telegram-X bot process started with PID 161
2025-05-02 17:42:19,942 - __main__ - INFO - Starting Telegram-X integration bot
2025-05-02 17:42:19,968 - __main__ - INFO - Twitter API client initialized
2025-05-02 17:42:20,047 - __main__ - ERROR - Error getting Twitter status: 429 Too Many Requests
Too Many Requests
2025-05-02 17:42:20,048 - __main__ - INFO - Status updated: Initializing..., Connected (rate limited)
2025-05-02 17:42:20,048 - __main__ - INFO - Status updated: Starting Telegram bot subprocess..., Connected (rate limited)
2025-05-02 17:42:20,048 - __main__ - INFO - Starting Telegram bot subprocess...
2025-05-02 17:42:20,049 - __main__ - INFO - Telegram bot subprocess started with PID 166
2025-05-02 17:42:20,049 - __main__ - INFO - Status updated: Telegram bot running (PID: 166), Connected (rate limited)
2025-05-02 17:42:20,049 - __main__ - INFO - Entering main loop
2025-05-02 17:42:20,736 - root - INFO - Database tables created
2025-05-02 17:43:05,560 - root - INFO - Health check accessed from IP: 172.31.128.26, User-Agent: Mozilla/5.0+(compatible; UptimeRobot/2.0; http://www.uptimerobot.com/)
2025-05-02 17:47:15,904 - root - INFO - Telegram-X integration bot logger initialized
2025-05-02 17:47:17,523 - root - INFO - Database tables created
2025-05-02 17:47:17,738 - root - ERROR - Error getting queue status: (psycopg2.errors.UndefinedColumn) column tweet_queue.image_path does not exist
LINE 1: ...r_id, tweet_queue.message AS tweet_queue_message, tweet_queu...
                                                             ^

[SQL: SELECT tweet_queue.id AS tweet_queue_id, tweet_queue.tweet_id AS tweet_queue_tweet_id, tweet_queue.user_id AS tweet_queue_user_id, tweet_queue.message AS tweet_queue_message, tweet_queue.image_path AS tweet_queue_image_path, tweet_queue.command_prefix AS tweet_queue_command_prefix, tweet_queue.telegram_file_id AS tweet_queue_telegram_file_id, tweet_queue.timestamp AS tweet_queue_timestamp, tweet_queue.status AS tweet_queue_status, tweet_queue.attempt_count AS tweet_queue_attempt_count, tweet_queue.last_attempt AS tweet_queue_last_attempt, tweet_queue.error_message AS tweet_queue_error_message 
FROM tweet_queue 
WHERE tweet_queue.status = %(status_1)s ORDER BY tweet_queue.timestamp DESC 
 LIMIT %(param_1)s]
[parameters: {'status_1': 'posted', 'param_1': 1}]
(Background on this error at: https://sqlalche.me/e/20/f405)
2025-05-02 17:47:20,575 - root - ERROR - Error getting queue status: (psycopg2.errors.UndefinedColumn) column tweet_queue.image_path does not exist
LINE 1: ...r_id, tweet_queue.message AS tweet_queue_message, tweet_queu...
                                                             ^

[SQL: SELECT tweet_queue.id AS tweet_queue_id, tweet_queue.tweet_id AS tweet_queue_tweet_id, tweet_queue.user_id AS tweet_queue_user_id, tweet_queue.message AS tweet_queue_message, tweet_queue.image_path AS tweet_queue_image_path, tweet_queue.command_prefix AS tweet_queue_command_prefix, tweet_queue.telegram_file_id AS tweet_queue_telegram_file_id, tweet_queue.timestamp AS tweet_queue_timestamp, tweet_queue.status AS tweet_queue_status, tweet_queue.attempt_count AS tweet_queue_attempt_count, tweet_queue.last_attempt AS tweet_queue_last_attempt, tweet_queue.error_message AS tweet_queue_error_message 
FROM tweet_queue 
WHERE tweet_queue.status = %(status_1)s ORDER BY tweet_queue.timestamp DESC 
 LIMIT %(param_1)s]
[parameters: {'status_1': 'posted', 'param_1': 1}]
(Background on this error at: https://sqlalche.me/e/20/f405)
2025-05-02 17:47:25,552 - root - ERROR - Error getting queue status: (psycopg2.errors.UndefinedColumn) column tweet_queue.image_path does not exist
LINE 1: ...r_id, tweet_queue.message AS tweet_queue_message, tweet_queu...
                                                             ^

[SQL: SELECT tweet_queue.id AS tweet_queue_id, tweet_queue.tweet_id AS tweet_queue_tweet_id, tweet_queue.user_id AS tweet_queue_user_id, tweet_queue.message AS tweet_queue_message, tweet_queue.image_path AS tweet_queue_image_path, tweet_queue.command_prefix AS tweet_queue_command_prefix, tweet_queue.telegram_file_id AS tweet_queue_telegram_file_id, tweet_queue.timestamp AS tweet_queue_timestamp, tweet_queue.status AS tweet_queue_status, tweet_queue.attempt_count AS tweet_queue_attempt_count, tweet_queue.last_attempt AS tweet_queue_last_attempt, tweet_queue.error_message AS tweet_queue_error_message 
FROM tweet_queue 
WHERE tweet_queue.status = %(status_1)s ORDER BY tweet_queue.timestamp DESC 
 LIMIT %(param_1)s]
[parameters: {'status_1': 'posted', 'param_1': 1}]
(Background on this error at: https://sqlalche.me/e/20/f405)
2025-05-02 17:47:30,543 - root - ERROR - Error getting queue status: (psycopg2.errors.UndefinedColumn) column tweet_queue.image_path does not exist
LINE 1: ...r_id, tweet_queue.message AS tweet_queue_message, tweet_queu...
                                                             ^

[SQL: SELECT tweet_queue.id AS tweet_queue_id, tweet_queue.tweet_id AS tweet_queue_tweet_id, tweet_queue.user_id AS tweet_queue_user_id, tweet_queue.message AS tweet_queue_message, tweet_queue.image_path AS tweet_queue_image_path, tweet_queue.command_prefix AS tweet_queue_command_prefix, tweet_queue.telegram_file_id AS tweet_queue_telegram_file_id, tweet_queue.timestamp AS tweet_queue_timestamp, tweet_queue.status AS tweet_queue_status, tweet_queue.attempt_count AS tweet_queue_attempt_count, tweet_queue.last_attempt AS tweet_queue_last_attempt, tweet_queue.error_message AS tweet_queue_error_message 
FROM tweet_queue 
WHERE tweet_queue.status = %(status_1)s ORDER BY tweet_queue.timestamp DESC 
 LIMIT %(param_1)s]
[parameters: {'status_1': 'posted', 'param_1': 1}]
(Background on this error at: https://sqlalche.me/e/20/f405)
2025-05-02 17:47:31,113 - root - INFO - Telegram-X integration bot logger initialized
2025-05-02 17:47:32,653 - root - INFO - Database tables created
2025-05-02 17:47:35,587 - root - ERROR - Error getting queue status: (psycopg2.errors.UndefinedColumn) column tweet_queue.image_path does not exist
LINE 1: ...r_id, tweet_queue.message AS tweet_queue_message, tweet_queu...
                                                             ^

[SQL: SELECT tweet_queue.id AS tweet_queue_id, tweet_queue.tweet_id AS tweet_queue_tweet_id, tweet_queue.user_id AS tweet_queue_user_id, tweet_queue.message AS tweet_queue_message, tweet_queue.image_path AS tweet_queue_image_path, tweet_queue.command_prefix AS tweet_queue_command_prefix, tweet_queue.telegram_file_id AS tweet_queue_telegram_file_id, tweet_queue.timestamp AS tweet_queue_timestamp, tweet_queue.status AS tweet_queue_status, tweet_queue.attempt_count AS tweet_queue_attempt_count, tweet_queue.last_attempt AS tweet_queue_last_attempt, tweet_queue.error_message AS tweet_queue_error_message 
FROM tweet_queue 
WHERE tweet_queue.status = %(status_1)s ORDER BY tweet_queue.timestamp DESC 
 LIMIT %(param_1)s]
[parameters: {'status_1': 'posted', 'param_1': 1}]
(Background on this error at: https://sqlalche.me/e/20/f405)
2025-05-02 17:47:40,552 - root - ERROR - Error getting queue status: (psycopg2.errors.UndefinedColumn) column tweet_queue.image_path does not exist
LINE 1: ...r_id, tweet_queue.message AS tweet_queue_message, tweet_queu...
                                                             ^

[SQL: SELECT tweet_queue.id AS tweet_queue_id, tweet_queue.tweet_id AS tweet_queue_tweet_id, tweet_queue.user_id AS tweet_queue_user_id, tweet_queue.message AS tweet_queue_message, tweet_queue.image_path AS tweet_queue_image_path, tweet_queue.command_prefix AS tweet_queue_command_prefix, tweet_queue.telegram_file_id AS tweet_queue_telegram_file_id, tweet_queue.timestamp AS tweet_queue_timestamp, tweet_queue.status AS tweet_queue_status, tweet_queue.attempt_count AS tweet_queue_attempt_count, tweet_queue.last_attempt AS tweet_queue_last_attempt, tweet_queue.error_message AS tweet_queue_error_message 
FROM tweet_queue 
WHERE tweet_queue.status = %(status_1)s ORDER BY tweet_queue.timestamp DESC 
 LIMIT %(param_1)s]
[parameters: {'status_1': 'posted', 'param_1': 1}]
(Background on this error at: https://sqlalche.me/e/20/f405)
2025-05-02 17:47:45,771 - root - ERROR - Error getting queue status: (psycopg2.errors.UndefinedColumn) column tweet_queue.image_path does not exist
LINE 1: ...r_id, tweet_queue.message AS tweet_queue_message, tweet_queu...
                                                             ^

[SQL: SELECT tweet_queue.id AS tweet_queue_id, tweet_queue.tweet_id AS tweet_queue_tweet_id, tweet_queue.user_id AS tweet_queue_user_id, tweet_queue.message AS tweet_queue_message, tweet_queue.image_path AS tweet_queue_image_path, tweet_queue.command_prefix AS tweet_queue_command_prefix, tweet_queue.telegram_file_id AS tweet_queue_telegram_file_id, tweet_queue.timestamp AS tweet_queue_timestamp, tweet_queue.status AS tweet_queue_status, tweet_queue.attempt_count AS tweet_queue_attempt_count, tweet_queue.last_attempt AS tweet_queue_last_attempt, tweet_queue.error_message AS tweet_queue_error_message 
FROM tweet_queue 
WHERE tweet_queue.status = %(status_1)s ORDER BY tweet_queue.timestamp DESC 
 LIMIT %(param_1)s]
[parameters: {'status_1': 'posted', 'param_1': 1}]
(Background on this error at: https://sqlalche.me/e/20/f405)
2025-05-02 17:47:50,789 - root - ERROR - Error getting queue status: (psycopg2.errors.UndefinedColumn) column tweet_queue.image_path does not exist
LINE 1: ...r_id, tweet_queue.message AS tweet_queue_message, tweet_queu...
                                                             ^

[SQL: SELECT tweet_queue.id AS tweet_queue_id, tweet_queue.tweet_id AS tweet_queue_tweet_id, tweet_queue.user_id AS tweet_queue_user_id, tweet_queue.message AS tweet_queue_message, tweet_queue.image_path AS tweet_queue_image_path, tweet_queue.command_prefix AS tweet_queue_command_prefix, tweet_queue.telegram_file_id AS tweet_queue_telegram_file_id, tweet_queue.timestamp AS tweet_queue_timestamp, tweet_queue.status AS tweet_queue_status, tweet_queue.attempt_count AS tweet_queue_attempt_count, tweet_queue.last_attempt AS tweet_queue_last_attempt, tweet_queue.error_message AS tweet_queue_error_message 
FROM tweet_queue 
WHERE tweet_queue.status = %(status_1)s ORDER BY tweet_queue.timestamp DESC 
 LIMIT %(param_1)s]
[parameters: {'status_1': 'posted', 'param_1': 1}]
(Background on this error at: https://sqlalche.me/e/20/f405)
2025-05-02 17:47:55,745 - root - ERROR - Error getting queue status: (psycopg2.errors.UndefinedColumn) column tweet_queue.telegram_file_id does not exist
LINE 1: ...eue.command_prefix AS tweet_queue_command_prefix, tweet_queu...
                                                             ^

[SQL: SELECT tweet_queue.id AS tweet_queue_id, tweet_queue.tweet_id AS tweet_queue_tweet_id, tweet_queue.user_id AS tweet_queue_user_id, tweet_queue.message AS tweet_queue_message, tweet_queue.image_path AS tweet_queue_image_path, tweet_queue.command_prefix AS tweet_queue_command_prefix, tweet_queue.telegram_file_id AS tweet_queue_telegram_file_id, tweet_queue.timestamp AS tweet_queue_timestamp, tweet_queue.status AS tweet_queue_status, tweet_queue.attempt_count AS tweet_queue_attempt_count, tweet_queue.last_attempt AS tweet_queue_last_attempt, tweet_queue.error_message AS tweet_queue_error_message 
FROM tweet_queue 
WHERE tweet_queue.status = %(status_1)s ORDER BY tweet_queue.timestamp DESC 
 LIMIT %(param_1)s]
[parameters: {'status_1': 'posted', 'param_1': 1}]
(Background on this error at: https://sqlalche.me/e/20/f405)
2025-05-02 17:48:00,732 - root - ERROR - Error getting queue status: (psycopg2.errors.UndefinedColumn) column tweet_queue.attempt_count does not exist
LINE 1: ...estamp, tweet_queue.status AS tweet_queue_status, tweet_queu...
                                                             ^

[SQL: SELECT tweet_queue.id AS tweet_queue_id, tweet_queue.tweet_id AS tweet_queue_tweet_id, tweet_queue.user_id AS tweet_queue_user_id, tweet_queue.message AS tweet_queue_message, tweet_queue.image_path AS tweet_queue_image_path, tweet_queue.command_prefix AS tweet_queue_command_prefix, tweet_queue.telegram_file_id AS tweet_queue_telegram_file_id, tweet_queue.timestamp AS tweet_queue_timestamp, tweet_queue.status AS tweet_queue_status, tweet_queue.attempt_count AS tweet_queue_attempt_count, tweet_queue.last_attempt AS tweet_queue_last_attempt, tweet_queue.error_message AS tweet_queue_error_message 
FROM tweet_queue 
WHERE tweet_queue.status = %(status_1)s ORDER BY tweet_queue.timestamp DESC 
 LIMIT %(param_1)s]
[parameters: {'status_1': 'posted', 'param_1': 1}]
(Background on this error at: https://sqlalche.me/e/20/f405)
2025-05-02 17:48:05,715 - root - ERROR - Error getting queue status: (psycopg2.errors.UndefinedColumn) column tweet_queue.attempt_count does not exist
LINE 1: ...estamp, tweet_queue.status AS tweet_queue_status, tweet_queu...
                                                             ^

[SQL: SELECT tweet_queue.id AS tweet_queue_id, tweet_queue.tweet_id AS tweet_queue_tweet_id, tweet_queue.user_id AS tweet_queue_user_id, tweet_queue.message AS tweet_queue_message, tweet_queue.image_path AS tweet_queue_image_path, tweet_queue.command_prefix AS tweet_queue_command_prefix, tweet_queue.telegram_file_id AS tweet_queue_telegram_file_id, tweet_queue.timestamp AS tweet_queue_timestamp, tweet_queue.status AS tweet_queue_status, tweet_queue.attempt_count AS tweet_queue_attempt_count, tweet_queue.last_attempt AS tweet_queue_last_attempt, tweet_queue.error_message AS tweet_queue_error_message 
FROM tweet_queue 
WHERE tweet_queue.status = %(status_1)s ORDER BY tweet_queue.timestamp DESC 
 LIMIT %(param_1)s]
[parameters: {'status_1': 'posted', 'param_1': 1}]
(Background on this error at: https://sqlalche.me/e/20/f405)
2025-05-02 17:48:10,724 - root - ERROR - Error getting queue status: (psycopg2.errors.UndefinedColumn) column tweet_queue.attempt_count does not exist
LINE 1: ...estamp, tweet_queue.status AS tweet_queue_status, tweet_queu...
                                                             ^

[SQL: SELECT tweet_queue.id AS tweet_queue_id, tweet_queue.tweet_id AS tweet_queue_tweet_id, tweet_queue.user_id AS tweet_queue_user_id, tweet_queue.message AS tweet_queue_message, tweet_queue.image_path AS tweet_queue_image_path, tweet_queue.command_prefix AS tweet_queue_command_prefix, tweet_queue.telegram_file_id AS tweet_queue_telegram_file_id, tweet_queue.timestamp AS tweet_queue_timestamp, tweet_queue.status AS tweet_queue_status, tweet_queue.attempt_count AS tweet_queue_attempt_count, tweet_queue.last_attempt AS tweet_queue_last_attempt, tweet_queue.error_message AS tweet_queue_error_message 
FROM tweet_queue 
WHERE tweet_queue.status = %(status_1)s ORDER BY tweet_queue.timestamp DESC 
 LIMIT %(param_1)s]
[parameters: {'status_1': 'posted', 'param_1': 1}]
(Background on this error at: https://sqlalche.me/e/20/f405)
2025-05-02 17:48:10,725 - root - INFO - Health check accessed from IP: 172.31.128.26, User-Agent: Mozilla/5.0+(compatible; UptimeRobot/2.0; http://www.uptimerobot.com/)
2025-05-02 17:48:15,604 - root - ERROR - Error getting queue status: (psycopg2.errors.UndefinedColumn) column tweet_queue.attempt_count does not exist
LINE 1: ...estamp, tweet_queue.status AS tweet_queue_status, tweet_queu...
                                                             ^

[SQL: SELECT tweet_queue.id AS tweet_queue_id, tweet_queue.tweet_id AS tweet_queue_tweet_id, tweet_queue.user_id AS tweet_queue_user_id, tweet_queue.message AS tweet_queue_message, tweet_queue.image_path AS tweet_queue_image_path, tweet_queue.command_prefix AS tweet_queue_command_prefix, tweet_queue.telegram_file_id AS tweet_queue_telegram_file_id, tweet_queue.timestamp AS tweet_queue_timestamp, tweet_queue.status AS tweet_queue_status, tweet_queue.attempt_count AS tweet_queue_attempt_count, tweet_queue.last_attempt AS tweet_queue_last_attempt, tweet_queue.error_message AS tweet_queue_error_message 
FROM tweet_queue 
WHERE tweet_queue.status = %(status_1)s ORDER BY tweet_queue.timestamp DESC 
 LIMIT %(param_1)s]
[parameters: {'status_1': 'posted', 'param_1': 1}]
(Background on this error at: https://sqlalche.me/e/20/f405)
2025-05-02 17:48:20,530 - root - ERROR - Error getting queue status: (psycopg2.errors.UndefinedColumn) column tweet_queue.attempt_count does not exist
LINE 1: ...estamp, tweet_queue.status AS tweet_queue_status, tweet_queu...
                                                             ^

[SQL: SELECT tweet_queue.id AS tweet_queue_id, tweet_queue.tweet_id AS tweet_queue_tweet_id, tweet_queue.user_id AS tweet_queue_user_id, tweet_queue.message AS tweet_queue_message, tweet_queue.image_path AS tweet_queue_image_path, tweet_queue.command_prefix AS tweet_queue_command_prefix, tweet_queue.telegram_file_id AS tweet_queue_telegram_file_id, tweet_queue.timestamp AS tweet_queue_timestamp, tweet_queue.status AS tweet_queue_status, tweet_queue.attempt_count AS tweet_queue_attempt_count, tweet_queue.last_attempt AS tweet_queue_last_attempt, tweet_queue.error_message AS tweet_queue_error_message 
FROM tweet_queue 
WHERE tweet_queue.status = %(status_1)s ORDER BY tweet_queue.timestamp DESC 
 LIMIT %(param_1)s]
[parameters: {'status_1': 'posted', 'param_1': 1}]
(Background on this error at: https://sqlalche.me/e/20/f405)
2025-05-02 17:48:25,550 - root - ERROR - Error getting queue status: (psycopg2.errors.UndefinedColumn) column tweet_queue.attempt_count does not exist
LINE 1: ...estamp, tweet_queue.status AS tweet_queue_status, tweet_queu...
                                                             ^

[SQL: SELECT tweet_queue.id AS tweet_queue_id, tweet_queue.tweet_id AS tweet_queue_tweet_id, tweet_queue.user_id AS tweet_queue_user_id, tweet_queue.message AS tweet_queue_message, tweet_queue.image_path AS tweet_queue_image_path, tweet_queue.command_prefix AS tweet_queue_command_prefix, tweet_queue.telegram_file_id AS tweet_queue_telegram_file_id, tweet_queue.timestamp AS tweet_queue_timestamp, tweet_queue.status AS tweet_queue_status, tweet_queue.attempt_count AS tweet_queue_attempt_count, tweet_queue.last_attempt AS tweet_queue_last_attempt, tweet_queue.error_message AS tweet_queue_error_message 
FROM tweet_queue 
WHERE tweet_queue.status = %(status_1)s ORDER BY tweet_queue.timestamp DESC 
 LIMIT %(param_1)s]
[parameters: {'status_1': 'posted', 'param_1': 1}]
(Background on this error at: https://sqlalche.me/e/20/f405)
2025-05-02 17:48:30,547 - root - ERROR - Error getting queue status: (psycopg2.errors.UndefinedColumn) column tweet_queue.attempt_count does not exist
LINE 1: ...estamp, tweet_queue.status AS tweet_queue_status, tweet_queu...
                                                             ^

[SQL: SELECT tweet_queue.id AS tweet_queue_id, tweet_queue.tweet_id AS tweet_queue_tweet_id, tweet_queue.user_id AS tweet_queue_user_id, tweet_queue.message AS tweet_queue_message, tweet_queue.image_path AS tweet_queue_image_path, tweet_queue.command_prefix AS tweet_queue_command_prefix, tweet_queue.telegram_file_id AS tweet_queue_telegram_file_id, tweet_queue.timestamp AS tweet_queue_timestamp, tweet_queue.status AS tweet_queue_status, tweet_queue.attempt_count AS tweet_queue_attempt_count, tweet_queue.last_attempt AS tweet_queue_last_attempt, tweet_queue.error_message AS tweet_queue_error_message 
FROM tweet_queue 
WHERE tweet_queue.status = %(status_1)s ORDER BY tweet_queue.timestamp DESC 
 LIMIT %(param_1)s]
[parameters: {'status_1': 'posted', 'param_1': 1}]
(Background on this error at: https://sqlalche.me/e/20/f405)
2025-05-02 17:48:35,541 - root - ERROR - Error getting queue status: (psycopg2.errors.UndefinedColumn) column tweet_queue.attempt_count does not exist
LINE 1: ...estamp, tweet_queue.status AS tweet_queue_status, tweet_queu...
                                                             ^

[SQL: SELECT tweet_queue.id AS tweet_queue_id, tweet_queue.tweet_id AS tweet_queue_tweet_id, tweet_queue.user_id AS tweet_queue_user_id, tweet_queue.message AS tweet_queue_message, tweet_queue.image_path AS tweet_queue_image_path, tweet_queue.command_prefix AS tweet_queue_command_prefix, tweet_queue.telegram_file_id AS tweet_queue_telegram_file_id, tweet_queue.timestamp AS tweet_queue_timestamp, tweet_queue.status AS tweet_queue_status, tweet_queue.attempt_count AS tweet_queue_attempt_count, tweet_queue.last_attempt AS tweet_queue_last_attempt, tweet_queue.error_message AS tweet_queue_error_message 
FROM tweet_queue 
WHERE tweet_queue.status = %(status_1)s ORDER BY tweet_queue.timestamp DESC 
 LIMIT %(param_1)s]
[parameters: {'status_1': 'posted', 'param_1': 1}]
(Background on this error at: https://sqlalche.me/e/20/f405)
2025-05-02 17:48:40,541 - root - ERROR - Error getting queue status: (psycopg2.errors.UndefinedColumn) column tweet_queue.attempt_count does not exist
LINE 1: ...estamp, tweet_queue.status AS tweet_queue_status, tweet_queu...
                                                             ^

[SQL: SELECT tweet_queue.id AS tweet_queue_id, tweet_queue.tweet_id AS tweet_queue_tweet_id, tweet_queue.user_id AS tweet_queue_user_id, tweet_queue.message AS tweet_queue_message, tweet_queue.image_path AS tweet_queue_image_path, tweet_queue.command_prefix AS tweet_queue_command_prefix, tweet_queue.telegram_file_id AS tweet_queue_telegram_file_id, tweet_queue.timestamp AS tweet_queue_timestamp, tweet_queue.status AS tweet_queue_status, tweet_queue.attempt_count AS tweet_queue_attempt_count, tweet_queue.last_attempt AS tweet_queue_last_attempt, tweet_queue.error_message AS tweet_queue_error_message 
FROM tweet_queue 
WHERE tweet_queue.status = %(status_1)s ORDER BY tweet_queue.timestamp DESC 
 LIMIT %(param_1)s]
[parameters: {'status_1': 'posted', 'param_1': 1}]
(Background on this error at: https://sqlalche.me/e/20/f405)
2025-05-02 17:48:45,534 - root - ERROR - Error getting queue status: (psycopg2.errors.UndefinedColumn) column tweet_queue.attempt_count does not exist
LINE 1: ...estamp, tweet_queue.status AS tweet_queue_status, tweet_queu...
                                                             ^

[SQL: SELECT tweet_queue.id AS tweet_queue_id, tweet_queue.tweet_id AS tweet_queue_tweet_id, tweet_queue.user_id AS tweet_queue_user_id, tweet_queue.message AS tweet_queue_message, tweet_queue.image_path AS tweet_queue_image_path, tweet_queue.command_prefix AS tweet_queue_command_prefix, tweet_queue.telegram_file_id AS tweet_queue_telegram_file_id, tweet_queue.timestamp AS tweet_queue_timestamp, tweet_queue.status AS tweet_queue_status, tweet_queue.attempt_count AS tweet_queue_attempt_count, tweet_queue.last_attempt AS tweet_queue_last_attempt, tweet_queue.error_message AS tweet_queue_error_message 
FROM tweet_queue 
WHERE tweet_queue.status = %(status_1)s ORDER BY tweet_queue.timestamp DESC 
 LIMIT %(param_1)s]
[parameters: {'status_1': 'posted', 'param_1': 1}]
(Background on this error at: https://sqlalche.me/e/20/f405)
2025-05-02 17:48:50,544 - root - ERROR - Error getting queue status: (psycopg2.errors.UndefinedColumn) column tweet_queue.attempt_count does not exist
LINE 1: ...estamp, tweet_queue.status AS tweet_queue_status, tweet_queu...
                                                             ^

[SQL: SELECT tweet_queue.id AS tweet_queue_id, tweet_queue.tweet_id AS tweet_queue_tweet_id, tweet_queue.user_id AS tweet_queue_user_id, tweet_queue.message AS tweet_queue_message, tweet_queue.image_path AS tweet_queue_image_path, tweet_queue.command_prefix AS tweet_queue_command_prefix, tweet_queue.telegram_file_id AS tweet_queue_telegram_file_id, tweet_queue.timestamp AS tweet_queue_timestamp, tweet_queue.status AS tweet_queue_status, tweet_queue.attempt_count AS tweet_queue_attempt_count, tweet_queue.last_attempt AS tweet_queue_last_attempt, tweet_queue.error_message AS tweet_queue_error_message 
FROM tweet_queue 
WHERE tweet_queue.status = %(status_1)s ORDER BY tweet_queue.timestamp DESC 
 LIMIT %(param_1)s]
[parameters: {'status_1': 'posted', 'param_1': 1}]
(Background on this error at: https://sqlalche.me/e/20/f405)
2025-05-02 17:48:55,556 - root - ERROR - Error getting queue status: (psycopg2.errors.UndefinedColumn) column tweet_queue.attempt_count does not exist
LINE 1: ...estamp, tweet_queue.status AS tweet_queue_status, tweet_queu...
                                                             ^

[SQL: SELECT tweet_queue.id AS tweet_queue_id, tweet_queue.tweet_id AS tweet_queue_tweet_id, tweet_queue.user_id AS tweet_queue_user_id, tweet_queue.message AS tweet_queue_message, tweet_queue.image_path AS tweet_queue_image_path, tweet_queue.command_prefix AS tweet_queue_command_prefix, tweet_queue.telegram_file_id AS tweet_queue_telegram_file_id, tweet_queue.timestamp AS tweet_queue_timestamp, tweet_queue.status AS tweet_queue_status, tweet_queue.attempt_count AS tweet_queue_attempt_count, tweet_queue.last_attempt AS tweet_queue_last_attempt, tweet_queue.error_message AS tweet_queue_error_message 
FROM tweet_queue 
WHERE tweet_queue.status = %(status_1)s ORDER BY tweet_queue.timestamp DESC 
 LIMIT %(param_1)s]
[parameters: {'status_1': 'posted', 'param_1': 1}]
(Background on this error at: https://sqlalche.me/e/20/f405)
2025-05-02 17:49:00,539 - root - ERROR - Error getting queue status: (psycopg2.errors.UndefinedColumn) column tweet_queue.attempt_count does not exist
LINE 1: ...estamp, tweet_queue.status AS tweet_queue_status, tweet_queu...
                                                             ^

[SQL: SELECT tweet_queue.id AS tweet_queue_id, tweet_queue.tweet_id AS tweet_queue_tweet_id, tweet_queue.user_id AS tweet_queue_user_id, tweet_queue.message AS tweet_queue_message, tweet_queue.image_path AS tweet_queue_image_path, tweet_queue.command_prefix AS tweet_queue_command_prefix, tweet_queue.telegram_file_id AS tweet_queue_telegram_file_id, tweet_queue.timestamp AS tweet_queue_timestamp, tweet_queue.status AS tweet_queue_status, tweet_queue.attempt_count AS tweet_queue_attempt_count, tweet_queue.last_attempt AS tweet_queue_last_attempt, tweet_queue.error_message AS tweet_queue_error_message 
FROM tweet_queue 
WHERE tweet_queue.status = %(status_1)s ORDER BY tweet_queue.timestamp DESC 
 LIMIT %(param_1)s]
[parameters: {'status_1': 'posted', 'param_1': 1}]
(Background on this error at: https://sqlalche.me/e/20/f405)
2025-05-02 17:49:05,537 - root - ERROR - Error getting queue status: (psycopg2.errors.UndefinedColumn) column tweet_queue.attempt_count does not exist
LINE 1: ...estamp, tweet_queue.status AS tweet_queue_status, tweet_queu...
                                                             ^

[SQL: SELECT tweet_queue.id AS tweet_queue_id, tweet_queue.tweet_id AS tweet_queue_tweet_id, tweet_queue.user_id AS tweet_queue_user_id, tweet_queue.message AS tweet_queue_message, tweet_queue.image_path AS tweet_queue_image_path, tweet_queue.command_prefix AS tweet_queue_command_prefix, tweet_queue.telegram_file_id AS tweet_queue_telegram_file_id, tweet_queue.timestamp AS tweet_queue_timestamp, tweet_queue.status AS tweet_queue_status, tweet_queue.attempt_count AS tweet_queue_attempt_count, tweet_queue.last_attempt AS tweet_queue_last_attempt, tweet_queue.error_message AS tweet_queue_error_message 
FROM tweet_queue 
WHERE tweet_queue.status = %(status_1)s ORDER BY tweet_queue.timestamp DESC 
 LIMIT %(param_1)s]
[parameters: {'status_1': 'posted', 'param_1': 1}]
(Background on this error at: https://sqlalche.me/e/20/f405)
2025-05-02 17:49:10,570 - root - ERROR - Error getting queue status: (psycopg2.errors.UndefinedColumn) column tweet_queue.attempt_count does not exist
LINE 1: ...estamp, tweet_queue.status AS tweet_queue_status, tweet_queu...
                                                             ^

[SQL: SELECT tweet_queue.id AS tweet_queue_id, tweet_queue.tweet_id AS tweet_queue_tweet_id, tweet_queue.user_id AS tweet_queue_user_id, tweet_queue.message AS tweet_queue_message, tweet_queue.image_path AS tweet_queue_image_path, tweet_queue.command_prefix AS tweet_queue_command_prefix, tweet_queue.telegram_file_id AS tweet_queue_telegram_file_id, tweet_queue.timestamp AS tweet_queue_timestamp, tweet_queue.status AS tweet_queue_status, tweet_queue.attempt_count AS tweet_queue_attempt_count, tweet_queue.last_attempt AS tweet_queue_last_attempt, tweet_queue.error_message AS tweet_queue_error_message 
FROM tweet_queue 
WHERE tweet_queue.status = %(status_1)s ORDER BY tweet_queue.timestamp DESC 
 LIMIT %(param_1)s]
[parameters: {'status_1': 'posted', 'param_1': 1}]
(Background on this error at: https://sqlalche.me/e/20/f405)
2025-05-02 17:49:15,543 - root - ERROR - Error getting queue status: (psycopg2.errors.UndefinedColumn) column tweet_queue.attempt_count does not exist
LINE 1: ...estamp, tweet_queue.status AS tweet_queue_status, tweet_queu...
                                                             ^

[SQL: SELECT tweet_queue.id AS tweet_queue_id, tweet_queue.tweet_id AS tweet_queue_tweet_id, tweet_queue.user_id AS tweet_queue_user_id, tweet_queue.message AS tweet_queue_message, tweet_queue.image_path AS tweet_queue_image_path, tweet_queue.command_prefix AS tweet_queue_command_prefix, tweet_queue.telegram_file_id AS tweet_queue_telegram_file_id, tweet_queue.timestamp AS tweet_queue_timestamp, tweet_queue.status AS tweet_queue_status, tweet_queue.attempt_count AS tweet_queue_attempt_count, tweet_queue.last_attempt AS tweet_queue_last_attempt, tweet_queue.error_message AS tweet_queue_error_message 
FROM tweet_queue 
WHERE tweet_queue.status = %(status_1)s ORDER BY tweet_queue.timestamp DESC 
 LIMIT %(param_1)s]
[parameters: {'status_1': 'posted', 'param_1': 1}]
(Background on this error at: https://sqlalche.me/e/20/f405)
2025-05-02 17:49:20,571 - root - ERROR - Error getting queue status: (psycopg2.errors.UndefinedColumn) column tweet_queue.attempt_count does not exist
LINE 1: ...estamp, tweet_queue.status AS tweet_queue_status, tweet_queu...
                                                             ^

[SQL: SELECT tweet_queue.id AS tweet_queue_id, tweet_queue.tweet_id AS tweet_queue_tweet_id, tweet_queue.user_id AS tweet_queue_user_id, tweet_queue.message AS tweet_queue_message, tweet_queue.image_path AS tweet_queue_image_path, tweet_queue.command_prefix AS tweet_queue_command_prefix, tweet_queue.telegram_file_id AS tweet_queue_telegram_file_id, tweet_queue.timestamp AS tweet_queue_timestamp, tweet_queue.status AS tweet_queue_status, tweet_queue.attempt_count AS tweet_queue_attempt_count, tweet_queue.last_attempt AS tweet_queue_last_attempt, tweet_queue.error_message AS tweet_queue_error_message 
FROM tweet_queue 
WHERE tweet_queue.status = %(status_1)s ORDER BY tweet_queue.timestamp DESC 
 LIMIT %(param_1)s]
[parameters: {'status_1': 'posted', 'param_1': 1}]
(Background on this error at: https://sqlalche.me/e/20/f405)
2025-05-02 17:49:25,559 - root - ERROR - Error getting queue status: (psycopg2.errors.UndefinedColumn) column tweet_queue.attempt_count does not exist
LINE 1: ...estamp, tweet_queue.status AS tweet_queue_status, tweet_queu...
                                                             ^

[SQL: SELECT tweet_queue.id AS tweet_queue_id, tweet_queue.tweet_id AS tweet_queue_tweet_id, tweet_queue.user_id AS tweet_queue_user_id, tweet_queue.message AS tweet_queue_message, tweet_queue.image_path AS tweet_queue_image_path, tweet_queue.command_prefix AS tweet_queue_command_prefix, tweet_queue.telegram_file_id AS tweet_queue_telegram_file_id, tweet_queue.timestamp AS tweet_queue_timestamp, tweet_queue.status AS tweet_queue_status, tweet_queue.attempt_count AS tweet_queue_attempt_count, tweet_queue.last_attempt AS tweet_queue_last_attempt, tweet_queue.error_message AS tweet_queue_error_message 
FROM tweet_queue 
WHERE tweet_queue.status = %(status_1)s ORDER BY tweet_queue.timestamp DESC 
 LIMIT %(param_1)s]
[parameters: {'status_1': 'posted', 'param_1': 1}]
(Background on this error at: https://sqlalche.me/e/20/f405)
2025-05-02 17:49:26,913 - root - INFO - Telegram-X integration bot logger initialized
2025-05-02 17:49:28,405 - root - INFO - Database tables created
2025-05-02 17:49:30,536 - root - ERROR - Error getting queue status: (psycopg2.errors.UndefinedColumn) column tweet_queue.attempt_count does not exist
LINE 1: ...estamp, tweet_queue.status AS tweet_queue_status, tweet_queu...
                                                             ^

[SQL: SELECT tweet_queue.id AS tweet_queue_id, tweet_queue.tweet_id AS tweet_queue_tweet_id, tweet_queue.user_id AS tweet_queue_user_id, tweet_queue.message AS tweet_queue_message, tweet_queue.image_path AS tweet_queue_image_path, tweet_queue.command_prefix AS tweet_queue_command_prefix, tweet_queue.telegram_file_id AS tweet_queue_telegram_file_id, tweet_queue.timestamp AS tweet_queue_timestamp, tweet_queue.status AS tweet_queue_status, tweet_queue.attempt_count AS tweet_queue_attempt_count, tweet_queue.last_attempt AS tweet_queue_last_attempt, tweet_queue.error_message AS tweet_queue_error_message 
FROM tweet_queue 
WHERE tweet_queue.status = %(status_1)s ORDER BY tweet_queue.timestamp DESC 
 LIMIT %(param_1)s]
[parameters: {'status_1': 'posted', 'param_1': 1}]
(Background on this error at: https://sqlalche.me/e/20/f405)
2025-05-02 17:49:35,540 - root - ERROR - Error getting queue status: (psycopg2.errors.UndefinedColumn) column tweet_queue.attempt_count does not exist
LINE 1: ...estamp, tweet_queue.status AS tweet_queue_status, tweet_queu...
                                                             ^

[SQL: SELECT tweet_queue.id AS tweet_queue_id, tweet_queue.tweet_id AS tweet_queue_tweet_id, tweet_queue.user_id AS tweet_queue_user_id, tweet_queue.message AS tweet_queue_message, tweet_queue.image_path AS tweet_queue_image_path, tweet_queue.command_prefix AS tweet_queue_command_prefix, tweet_queue.telegram_file_id AS tweet_queue_telegram_file_id, tweet_queue.timestamp AS tweet_queue_timestamp, tweet_queue.status AS tweet_queue_status, tweet_queue.attempt_count AS tweet_queue_attempt_count, tweet_queue.last_attempt AS tweet_queue_last_attempt, tweet_queue.error_message AS tweet_queue_error_message 
FROM tweet_queue 
WHERE tweet_queue.status = %(status_1)s ORDER BY tweet_queue.timestamp DESC 
 LIMIT %(param_1)s]
[parameters: {'status_1': 'posted', 'param_1': 1}]
(Background on this error at: https://sqlalche.me/e/20/f405)
2025-05-02 17:49:40,626 - root - ERROR - Error getting queue status: (psycopg2.errors.UndefinedColumn) column tweet_queue.attempt_count does not exist
LINE 1: ...estamp, tweet_queue.status AS tweet_queue_status, tweet_queu...
                                                             ^

[SQL: SELECT tweet_queue.id AS tweet_queue_id, tweet_queue.tweet_id AS tweet_queue_tweet_id, tweet_queue.user_id AS tweet_queue_user_id, tweet_queue.message AS tweet_queue_message, tweet_queue.image_path AS tweet_queue_image_path, tweet_queue.command_prefix AS tweet_queue_command_prefix, tweet_queue.telegram_file_id AS tweet_queue_telegram_file_id, tweet_queue.timestamp AS tweet_queue_timestamp, tweet_queue.status AS tweet_queue_status, tweet_queue.attempt_count AS tweet_queue_attempt_count, tweet_queue.last_attempt AS tweet_queue_last_attempt, tweet_queue.error_message AS tweet_queue_error_message 
FROM tweet_queue 
WHERE tweet_queue.status = %(status_1)s ORDER BY tweet_queue.timestamp DESC 
 LIMIT %(param_1)s]
[parameters: {'status_1': 'posted', 'param_1': 1}]
(Background on this error at: https://sqlalche.me/e/20/f405)
2025-05-02 17:49:44,965 - root - INFO - Telegram-X integration bot logger initialized
2025-05-02 17:49:46,364 - root - INFO - Database tables created
2025-05-02 17:49:46,567 - root - ERROR - Error getting queue status: (psycopg2.errors.UndefinedColumn) column tweet_queue.attempt_count does not exist
LINE 1: ...estamp, tweet_queue.status AS tweet_queue_status, tweet_queu...
                                                             ^

[SQL: SELECT tweet_queue.id AS tweet_queue_id, tweet_queue.tweet_id AS tweet_queue_tweet_id, tweet_queue.user_id AS tweet_queue_user_id, tweet_queue.message AS tweet_queue_message, tweet_queue.image_path AS tweet_queue_image_path, tweet_queue.command_prefix AS tweet_queue_command_prefix, tweet_queue.telegram_file_id AS tweet_queue_telegram_file_id, tweet_queue.timestamp AS tweet_queue_timestamp, tweet_queue.status AS tweet_queue_status, tweet_queue.attempt_count AS tweet_queue_attempt_count, tweet_queue.last_attempt AS tweet_queue_last_attempt, tweet_queue.error_message AS tweet_queue_error_message 
FROM tweet_queue 
WHERE tweet_queue.status = %(status_1)s ORDER BY tweet_queue.timestamp DESC 
 LIMIT %(param_1)s]
[parameters: {'status_1': 'posted', 'param_1': 1}]
(Background on this error at: https://sqlalche.me/e/20/f405)
2025-05-02 17:49:50,834 - root - INFO - Telegram-X integration bot logger initialized
2025-05-02 17:49:51,316 - root - INFO - Telegram-X integration bot logger initialized
2025-05-02 17:49:51,505 - root - INFO - Port 5000 is already in use. Starting bot-only mode...
2025-05-02 17:49:51,505 - root - INFO - Running the Telegram-X bot subprocess...
2025-05-02 17:49:51,506 - root - INFO - Telegram-X bot process started with PID 610
2025-05-02 17:49:52,039 - __main__ - INFO - Starting Telegram-X integration bot
2025-05-02 17:49:52,060 - __main__ - INFO - Twitter API client initialized
2025-05-02 17:49:52,132 - __main__ - ERROR - Error getting Twitter status: 429 Too Many Requests
Too Many Requests
2025-05-02 17:49:52,132 - __main__ - INFO - Status updated: Initializing..., Connected (rate limited)
2025-05-02 17:49:52,133 - __main__ - INFO - Status updated: Starting Telegram bot subprocess..., Connected (rate limited)
2025-05-02 17:49:52,133 - __main__ - INFO - Starting Telegram bot subprocess...
2025-05-02 17:49:52,133 - __main__ - INFO - Telegram bot subprocess started with PID 616
2025-05-02 17:49:52,134 - __main__ - INFO - Status updated: Telegram bot running (PID: 616), Connected (rate limited)
2025-05-02 17:49:52,134 - __main__ - INFO - Entering main loop
2025-05-02 17:49:52,264 - root - INFO - Database tables created
2025-05-02 17:49:59,720 - root - ERROR - Error getting queue status: (psycopg2.errors.UndefinedColumn) column tweet_queue.attempt_count does not exist
LINE 1: ...estamp, tweet_queue.status AS tweet_queue_status, tweet_queu...
                                                             ^

[SQL: SELECT tweet_queue.id AS tweet_queue_id, tweet_queue.tweet_id AS tweet_queue_tweet_id, tweet_queue.user_id AS tweet_queue_user_id, tweet_queue.message AS tweet_queue_message, tweet_queue.image_path AS tweet_queue_image_path, tweet_queue.command_prefix AS tweet_queue_command_prefix, tweet_queue.telegram_file_id AS tweet_queue_telegram_file_id, tweet_queue.timestamp AS tweet_queue_timestamp, tweet_queue.status AS tweet_queue_status, tweet_queue.attempt_count AS tweet_queue_attempt_count, tweet_queue.last_attempt AS tweet_queue_last_attempt, tweet_queue.error_message AS tweet_queue_error_message 
FROM tweet_queue 
WHERE tweet_queue.status = %(status_1)s ORDER BY tweet_queue.timestamp DESC 
 LIMIT %(param_1)s]
[parameters: {'status_1': 'posted', 'param_1': 1}]
(Background on this error at: https://sqlalche.me/e/20/f405)
2025-05-02 17:50:04,725 - root - ERROR - Error getting queue status: (psycopg2.errors.UndefinedColumn) column tweet_queue.attempt_count does not exist
LINE 1: ...estamp, tweet_queue.status AS tweet_queue_status, tweet_queu...
                                                             ^

[SQL: SELECT tweet_queue.id AS tweet_queue_id, tweet_queue.tweet_id AS tweet_queue_tweet_id, tweet_queue.user_id AS tweet_queue_user_id, tweet_queue.message AS tweet_queue_message, tweet_queue.image_path AS tweet_queue_image_path, tweet_queue.command_prefix AS tweet_queue_command_prefix, tweet_queue.telegram_file_id AS tweet_queue_telegram_file_id, tweet_queue.timestamp AS tweet_queue_timestamp, tweet_queue.status AS tweet_queue_status, tweet_queue.attempt_count AS tweet_queue_attempt_count, tweet_queue.last_attempt AS tweet_queue_last_attempt, tweet_queue.error_message AS tweet_queue_error_message 
FROM tweet_queue 
WHERE tweet_queue.status = %(status_1)s ORDER BY tweet_queue.timestamp DESC 
 LIMIT %(param_1)s]
[parameters: {'status_1': 'posted', 'param_1': 1}]
(Background on this error at: https://sqlalche.me/e/20/f405)
2025-05-02 17:50:16,989 - root - INFO - Telegram-X integration bot logger initialized
2025-05-02 17:50:18,401 - root - INFO - Database tables created
2025-05-02 17:50:20,572 - root - INFO - Telegram-X integration bot logger initialized
2025-05-02 17:50:20,801 - root - INFO - Port 5000 is already in use. Starting bot-only mode...
2025-05-02 17:50:20,803 - root - INFO - Running the Telegram-X bot subprocess...
2025-05-02 17:50:20,805 - root - INFO - Telegram-X bot process started with PID 780
2025-05-02 17:50:21,628 - __main__ - INFO - Starting Telegram-X integration bot
2025-05-02 17:50:21,654 - __main__ - INFO - Twitter API client initialized
2025-05-02 17:50:21,746 - __main__ - ERROR - Error getting Twitter status: 429 Too Many Requests
Too Many Requests
2025-05-02 17:50:21,747 - __main__ - INFO - Status updated: Initializing..., Connected (rate limited)
2025-05-02 17:50:21,747 - __main__ - INFO - Status updated: Starting Telegram bot subprocess..., Connected (rate limited)
2025-05-02 17:50:21,747 - __main__ - INFO - Starting Telegram bot subprocess...
2025-05-02 17:50:21,748 - __main__ - INFO - Telegram bot subprocess started with PID 786
2025-05-02 17:50:21,748 - __main__ - INFO - Status updated: Telegram bot running (PID: 786), Connected (rate limited)
2025-05-02 17:50:21,748 - __main__ - INFO - Entering main loop
2025-05-02 17:50:43,951 - root - INFO - Telegram-X integration bot logger initialized
2025-05-02 17:50:45,470 - root - INFO - Database tables created
2025-05-02 17:50:46,943 - root - INFO - Telegram-X integration bot logger initialized
2025-05-02 17:50:48,349 - root - INFO - Database tables created
2025-05-02 17:50:50,082 - root - INFO - Telegram-X integration bot logger initialized
2025-05-02 17:50:50,254 - root - INFO - Port 5000 is already in use. Starting bot-only mode...
2025-05-02 17:50:50,254 - root - INFO - Running the Telegram-X bot subprocess...
2025-05-02 17:50:50,254 - root - INFO - Telegram-X bot process started with PID 897
2025-05-02 17:50:50,860 - __main__ - INFO - Starting Telegram-X integration bot
2025-05-02 17:50:50,882 - __main__ - INFO - Twitter API client initialized
2025-05-02 17:50:50,947 - __main__ - ERROR - Error getting Twitter status: 429 Too Many Requests
Too Many Requests
2025-05-02 17:50:50,953 - __main__ - INFO - Status updated: Initializing..., Connected (rate limited)
2025-05-02 17:50:50,953 - __main__ - INFO - Status updated: Starting Telegram bot subprocess..., Connected (rate limited)
2025-05-02 17:50:50,953 - __main__ - INFO - Starting Telegram bot subprocess...
2025-05-02 17:50:50,955 - __main__ - INFO - Telegram bot subprocess started with PID 928
2025-05-02 17:50:50,956 - __main__ - INFO - Status updated: Telegram bot running (PID: 928), Connected (rate limited)
2025-05-02 17:50:50,956 - __main__ - INFO - Entering main loop
2025-05-02 17:51:20,263 - root - INFO - Telegram-X integration bot logger initialized
2025-05-02 17:51:20,943 - root - INFO - Telegram-X integration bot logger initialized
2025-05-02 17:51:21,148 - root - INFO - Port 5000 is already in use. Starting bot-only mode...
2025-05-02 17:51:21,148 - root - INFO - Running the Telegram-X bot subprocess...
2025-05-02 17:51:21,149 - root - INFO - Telegram-X bot process started with PID 1040
2025-05-02 17:51:21,777 - root - INFO - Database tables created
2025-05-02 17:51:21,859 - __main__ - INFO - Starting Telegram-X integration bot
2025-05-02 17:51:21,879 - __main__ - INFO - Twitter API client initialized
2025-05-02 17:51:21,952 - __main__ - ERROR - Error getting Twitter status: 429 Too Many Requests
Too Many Requests
2025-05-02 17:51:21,953 - __main__ - INFO - Status updated: Initializing..., Connected (rate limited)
2025-05-02 17:51:21,953 - __main__ - INFO - Status updated: Starting Telegram bot subprocess..., Connected (rate limited)
2025-05-02 17:51:21,953 - __main__ - INFO - Starting Telegram bot subprocess...
2025-05-02 17:51:21,954 - __main__ - INFO - Telegram bot subprocess started with PID 1047
2025-05-02 17:51:21,954 - __main__ - INFO - Status updated: Telegram bot running (PID: 1047), Connected (rate limited)
2025-05-02 17:51:21,954 - __main__ - INFO - Entering main loop
2025-05-02 17:53:16,026 - root - INFO - Health check accessed from IP: 172.31.128.26, User-Agent: Mozilla/5.0+(compatible; UptimeRobot/2.0; http://www.uptimerobot.com/)
2025-05-02 17:57:58,301 - root - INFO - Telegram-X integration bot logger initialized
2025-05-02 17:57:58,304 - root - INFO - Telegram-X integration bot logger initialized
2025-05-02 17:57:58,882 - root - INFO - Port 5000 is already in use. Starting bot-only mode...
2025-05-02 17:57:58,882 - root - INFO - Running the Telegram-X bot subprocess...
2025-05-02 17:57:58,883 - root - INFO - Telegram-X bot process started with PID 181
2025-05-02 17:57:59,447 - __main__ - INFO - Starting Telegram-X integration bot
2025-05-02 17:57:59,468 - __main__ - INFO - Twitter API client initialized
2025-05-02 17:57:59,544 - __main__ - ERROR - Error getting Twitter status: 429 Too Many Requests
Too Many Requests
2025-05-02 17:57:59,545 - __main__ - INFO - Status updated: Initializing..., Connected (rate limited)
2025-05-02 17:57:59,545 - __main__ - INFO - Status updated: Starting Telegram bot subprocess..., Connected (rate limited)
2025-05-02 17:57:59,545 - __main__ - INFO - Starting Telegram bot subprocess...
2025-05-02 17:57:59,546 - __main__ - INFO - Telegram bot subprocess started with PID 185
2025-05-02 17:57:59,547 - __main__ - INFO - Status updated: Telegram bot running (PID: 185), Connected (rate limited)
2025-05-02 17:57:59,547 - __main__ - INFO - Entering main loop
2025-05-02 17:58:00,229 - root - INFO - Database tables created
2025-05-02 17:58:21,630 - root - INFO - Health check accessed from IP: 172.31.128.56, User-Agent: Mozilla/5.0+(compatible; UptimeRobot/2.0; http://www.uptimerobot.com/)
2025-05-02 18:03:26,157 - root - INFO - Health check accessed from IP: 172.31.128.56, User-Agent: Mozilla/5.0+(compatible; UptimeRobot/2.0; http://www.uptimerobot.com/)
